Timestamp,FrameID,Speed,YawRate,Signal1,Signal2
100000000.000000,100,60.00,0.00,0,0.00
100027655.861545,101,60.08,0.42,0,0.00
100055384.838046,102,60.16,-0.09,0,0.00
100083087.658570,103,60.24,-0.84,0,0.00
100110768.931762,104,60.32,0.77,0,0.00
100138467.175050,105,60.40,0.29,0,0.00
100166209.079623,106,60.48,0.15,0,0.00
100193929.797784,107,60.56,-1.00,0,0.00
100221664.655931,108,60.64,-0.79,0,0.00
100249404.285886,109,60.72,-0.95,0,0.00
100277146.860677,110,60.80,0.06,0,0.00
100304830.393728,111,60.88,0.82,0,0.00
100332533.653462,112,60.96,0.56,0,0.00
100360274.423242,113,61.04,-0.83,0,0.00
100387934.224830,114,61.12,0.16,0,0.00
100415661.918629,115,61.20,-0.72,0,0.00
100443327.093446,116,61.28,0.47,0,0.00
100471047.387921,117,61.36,-0.38,0,0.00
100498739.126144,118,61.44,-0.85,0,0.00
100526472.242349,119,61.52,0.60,0,0.00
100554128.579569,120,61.60,0.57,0,0.00
100581845.546597,121,61.68,-0.62,0,0.00
100609555.548215,122,61.76,0.56,0,0.00
100637235.934384,123,61.84,0.42,0,0.00
100664908.923928,124,61.92,-0.93,0,0.00
100692565.234676,125,62.00,0.71,0,0.00
100720261.736560,126,62.08,-0.40,0,0.00
100747926.315692,127,62.16,-0.91,0,0.00
100775630.343249,128,62.24,0.01,0,0.00
100803325.592379,129,62.32,-0.32,0,0.00
100830995.981585,130,62.40,0.46,0,0.00
100858663.300695,131,62.48,0.33,0,0.00
100886361.638459,132,62.56,-0.21,0,0.00
100914076.081487,133,62.64,0.02,0,0.00
100941787.369201,134,62.72,0.93,0,0.00
100969534.246822,135,62.80,0.24,0,0.00
100997242.433067,136,62.88,0.77,0,0.00
101024980.355624,137,62.96,0.21,0,0.00
101052726.598727,138,63.04,-0.94,0,0.00
101080469.168653,139,63.12,-0.45,0,0.00
101108148.745590,140,63.20,0.98,0,0.00
101135814.805974,141,63.28,-0.71,0,0.00
101163550.027080,142,63.36,0.71,0,0.00
101191263.632998,143,63.44,0.80,0,0.00
101218948.665445,144,63.52,0.45,0,0.00
101246601.324009,145,63.60,-0.03,0,0.00
101274310.296429,146,63.68,0.02,0,0.00
101302036.845632,147,63.76,0.15,0,0.00
101329725.171365,148,63.84,-0.94,0,0.00
101357400.409359,149,63.92,-0.94,0,0.00
101385148.193582,150,64.00,-0.98,0,0.00
101412847.026653,151,64.08,0.64,0,0.00
101440580.241317,152,64.16,0.54,0,0.00
101468269.366423,153,64.24,0.59,0,0.00
101495984.211661,154,64.32,0.24,0,0.00
101523730.026397,155,64.40,0.31,0,0.00
101551383.668274,156,64.48,0.94,0,0.00
101579075.197064,157,64.56,0.78,0,0.00
101606787.562905,158,64.64,-0.53,0,0.00
101634495.301356,159,64.72,0.07,0,0.00
101662205.501452,160,64.80,-0.42,0,0.00
101689879.257796,161,64.88,0.73,0,0.00
101717531.485422,162,64.96,-0.86,0,0.00
101745208.818475,163,65.04,0.23,0,0.00
101772915.689176,164,65.12,-0.50,0,0.00
101800625.368434,165,65.20,-0.40,0,0.00
101828331.032480,166,65.28,0.33,0,0.00
101856008.406179,167,65.36,0.00,0,0.00
101883744.057026,168,65.44,-0.31,0,0.00
101911425.364775,169,65.52,-0.54,0,0.00
101939154.448423,170,65.60,0.71,0,0.00
101966831.588084,171,65.68,-0.28,0,0.00
101994499.433228,172,65.76,0.82,0,0.00
102022234.176493,173,65.84,0.79,0,0.00
102049905.087433,174,65.92,0.95,0,0.00
102077603.097996,175,66.00,0.16,0,0.00
102105297.554127,176,66.08,0.48,0,0.00
102132953.015895,177,66.16,-0.66,0,0.00
102160622.638518,178,66.24,0.40,0,0.00
102188276.195011,179,66.32,0.75,0,0.00
102216008.834316,180,66.40,-0.93,0,0.00
102243712.888990,181,66.48,-0.79,0,0.00
102271389.701334,182,66.56,-0.32,0,0.00
102299056.584165,183,66.64,-0.35,0,0.00
102326743.622529,184,66.72,0.89,0,0.00
102354428.585870,185,66.80,0.89,0,0.00
102382095.342452,186,66.88,-0.38,0,0.00
102409801.073161,187,66.96,-0.34,0,0.00
102437532.426283,188,67.04,0.74,0,0.00
102465254.102925,189,67.12,0.84,0,0.00
102492993.545835,190,67.20,-0.11,0,0.00
102520709.357230,191,67.28,0.28,0,0.00
102548370.918660,192,67.36,-0.84,0,0.00
102576048.069889,193,67.44,-0.73,0,0.00
102603719.966072,194,67.52,0.82,0,0.00
102631390.300936,195,67.60,-0.30,0,0.00
102659070.206602,196,67.68,-0.29,0,0.00
102686736.189375,197,67.76,-0.52,0,0.00
102714386.278462,198,67.84,0.02,0,0.00
102742131.645437,199,67.92,-0.73,0,0.00
102769879.244676,200,68.00,0.75,0,0.00
102797585.346897,201,68.08,-0.43,15,84.53
102825260.238858,202,68.16,-0.71,15,88.25
102852962.470956,203,68.24,-0.20,15,71.41
102880664.726180,204,68.32,-0.69,15,73.90
102908371.942645,205,68.40,-0.65,15,79.83
102936063.279822,206,68.48,0.94,15,84.04
102963734.483165,207,68.56,-0.34,15,70.16
102991480.639244,208,68.64,0.88,15,81.45
103019182.627811,209,68.72,0.63,15,82.68
103046892.517371,210,68.80,-0.22,15,81.90
103074636.281788,211,68.88,0.53,15,74.91
103102367.586511,212,68.96,0.12,15,80.00
103130070.636351,213,69.04,0.89,15,76.70
103157807.298809,214,69.12,-0.65,15,77.19
103185474.895577,215,69.20,0.53,15,75.50
103213171.034465,216,69.28,0.43,15,77.44
103240890.334589,217,69.36,-0.21,15,83.74
103268583.385452,218,69.44,0.89,15,72.07
103296281.380899,219,69.52,0.60,15,73.86
103323982.889112,220,69.60,-0.43,15,78.60
103351730.491013,221,69.68,0.34,15,85.50
103379397.372521,222,69.76,-0.88,15,72.27
103407095.724538,223,69.84,0.35,15,81.74
103434812.951024,224,69.92,-0.58,15,71.66
103462506.821117,225,70.00,-0.23,15,74.34
103490221.938103,226,70.08,0.82,15,88.78
103517899.029473,227,70.16,0.80,15,76.21
103545621.962724,228,70.24,0.32,15,88.21
103573278.190381,229,70.32,0.58,15,76.11
103600989.069633,230,70.40,0.40,15,79.42
103628697.324435,231,70.48,-0.01,15,85.69
103656386.356849,232,70.56,0.57,15,73.13
103684132.365967,233,70.64,-0.41,15,77.43
103711816.527513,234,70.72,-0.96,15,80.92
103739489.839720,235,70.80,-0.54,15,89.04
103767224.448497,236,70.88,-0.37,15,89.19
103794971.408708,237,70.96,-0.23,15,77.45
103822708.456687,238,71.04,-0.24,15,80.45
103850377.498349,239,71.12,0.53,15,74.85
103878057.684231,240,71.20,0.82,15,75.27
103905753.573250,241,71.28,-0.24,15,81.65
103933502.560423,242,71.36,0.55,15,75.36
103961203.119008,243,71.44,-0.02,15,80.90
103988897.289462,244,71.52,-0.86,15,78.52
104016592.691519,245,71.60,0.08,15,89.49
104044286.716968,246,71.68,-0.06,15,76.49
104071989.228203,247,71.76,-0.10,15,88.83
104099695.146224,248,71.84,-0.17,15,78.12
104127350.078971,249,71.92,0.89,15,77.26
104155069.635945,250,72.00,0.51,15,75.88
104182723.249180,251,72.08,-0.21,15,86.99
104210390.542611,252,72.16,-0.01,15,70.42
104238065.710326,253,72.24,0.93,15,77.44
104265797.535628,254,72.32,0.59,15,78.26
104293479.801366,255,72.40,0.09,15,78.66
104321194.443978,256,72.48,0.05,15,75.54
104348916.087362,257,72.56,0.90,15,87.78
104376627.775637,258,72.64,-0.91,15,84.14
104404289.568234,259,72.72,0.02,15,71.13
104432011.344508,260,72.80,0.67,15,80.21
104459693.709762,261,72.88,0.93,15,89.20
104487376.703351,262,72.96,-0.88,15,87.28
104515045.393110,263,73.04,0.78,15,77.51
104542749.373639,264,73.12,-0.67,15,83.96
104570425.218189,265,73.20,-0.95,15,75.87
104598121.030486,266,73.28,0.25,15,89.91
104625785.151270,267,73.36,-1.00,15,79.85
104653481.139529,268,73.44,-0.29,15,81.76
104681225.835820,269,73.52,0.13,15,87.81
104708929.948345,270,73.60,-0.48,15,87.44
104736625.703290,271,73.68,-0.89,15,74.71
104764370.454492,272,73.76,0.38,15,76.67
104792108.662407,273,73.84,0.23,15,81.24
104819831.170146,274,73.92,0.26,15,78.13
104847492.315708,275,74.00,-0.63,15,81.69
104875212.153744,276,74.08,0.50,15,79.61
104902960.723753,277,74.16,0.85,15,71.87
104930627.161121,278,74.24,-0.43,15,71.95
104958301.333478,279,74.32,-0.87,15,71.33
104986023.958856,280,74.40,-0.49,15,75.07
105013753.806657,281,74.48,-0.88,15,85.69
105041497.132365,282,74.56,0.90,15,81.13
105069180.565524,283,74.64,-0.77,15,82.81
105096865.960812,284,74.72,0.16,15,82.89
105124608.721686,285,74.80,-0.68,15,76.11
105152283.049489,286,74.88,-0.77,15,71.50
105179964.665549,287,74.96,-0.26,15,71.00
105207707.071892,288,75.04,0.69,15,81.23
105235394.783518,289,75.12,-0.37,15,89.65
105263074.725556,290,75.20,-0.70,15,80.43
105290806.325099,291,75.28,-0.59,15,87.36
105318503.782751,292,75.36,-0.24,15,83.88
105346231.656726,293,75.44,-0.05,15,83.77
105373951.356812,294,75.52,0.33,15,83.87
105401697.868244,295,75.60,-0.67,15,89.65
105429403.550889,296,75.68,-0.79,15,84.11
105457152.481415,297,75.76,0.67,15,80.70
105484854.606258,298,75.84,0.71,15,74.19
105512603.963585,299,75.92,-0.86,15,80.24
105540291.758674,300,76.00,0.36,15,71.85
105567947.617284,301,76.08,0.78,15,89.03
105595677.845641,302,76.16,0.46,15,83.52
105623411.868510,303,76.24,0.08,15,87.67
105651101.455462,304,76.32,0.53,15,78.83
105678795.638550,305,76.40,-0.42,15,85.98
105706463.104017,306,76.48,0.98,15,87.37
105734206.200244,307,76.56,0.28,15,70.02
105761920.852315,308,76.64,0.21,15,86.03
105789611.888688,309,76.72,-0.88,15,82.28
105817314.704214,310,76.80,-0.52,15,76.85
105844969.125265,311,76.88,-0.41,15,78.31
105872717.916982,312,76.96,0.10,15,70.07
105900444.515480,313,77.04,0.96,15,72.11
105928101.581207,314,77.12,0.83,15,80.40
105955838.737869,315,77.20,0.65,15,76.87
105983572.929175,316,77.28,0.54,15,78.11
106011236.897034,317,77.36,0.01,15,82.79
106038906.971563,318,77.44,-0.76,15,84.07
106066655.252891,319,77.52,0.60,15,87.20
106094336.824969,320,77.60,-0.00,15,78.54
106122007.966552,321,77.68,0.65,15,70.93
106149677.956016,322,77.76,0.51,15,84.88
106177363.378872,323,77.84,-0.17,15,84.39
106205078.711446,324,77.92,-0.51,15,82.75
106232732.852496,325,78.00,-0.01,15,84.00
106260401.455498,326,78.08,-0.31,15,75.90
106288078.530574,327,78.16,-0.53,15,70.46
106315773.039633,328,78.24,0.84,15,83.49
106343423.849112,329,78.32,0.84,15,80.96
106371121.885872,330,78.40,-0.50,15,70.24
106398870.747108,331,78.48,-0.54,15,72.52
106426584.498123,332,78.56,-0.50,15,87.11
106454286.637226,333,78.64,0.92,15,75.12
106481950.622509,334,78.72,0.79,15,74.75
106509675.453882,335,78.80,0.58,15,75.11
106537409.135695,336,78.88,-0.55,15,84.17
106565159.070959,337,78.96,0.73,15,89.68
106592828.070945,338,79.04,-0.32,15,80.98
106620507.159684,339,79.12,-0.17,15,75.09
106648236.184158,340,79.20,-0.19,15,85.07
106675951.478464,341,79.28,0.82,15,81.15
106703628.775638,342,79.36,-0.48,15,87.97
106731344.502820,343,79.44,0.88,15,84.13
106759039.833745,344,79.52,-0.29,15,81.45
106786740.521524,345,79.60,0.56,15,72.02
106814408.672093,346,79.68,-0.28,15,81.17
106842130.931949,347,79.76,-0.67,15,81.80
106869843.501953,348,79.84,0.34,15,86.22
106897553.684167,349,79.92,-0.61,15,70.85
106925213.634694,350,80.00,-0.18,15,82.78
106952897.279651,351,80.08,0.77,15,71.77
106980552.533320,352,80.16,0.47,15,88.07
107008229.365143,353,80.24,-0.75,15,70.56
107035940.666484,354,80.32,-0.82,15,82.24
107063643.900482,355,80.40,0.18,15,76.93
107091342.872440,356,80.48,-0.49,15,83.70
107119023.938288,357,80.56,-0.10,15,70.09
107146694.867941,358,80.64,-0.60,15,83.91
107174422.514199,359,80.72,0.64,15,84.71
107202145.066434,360,80.80,-0.15,15,77.84
107229821.966999,361,80.88,-0.62,15,77.18
107257507.724865,362,80.96,-0.89,15,72.71
107285205.840614,363,81.04,0.30,15,79.70
107312911.403864,364,81.12,-0.85,15,71.88
107340590.431261,365,81.20,0.24,15,85.42
107368285.189541,366,81.28,-0.45,15,78.33
107395973.038060,367,81.36,0.79,15,86.27
107423637.674419,368,81.44,0.93,15,72.20
107451346.675853,369,81.52,0.27,15,71.75
107479064.321708,370,81.60,0.31,15,80.92
107506727.147236,371,81.68,-0.39,15,70.54
107534383.927598,372,81.76,0.88,15,82.62
107562051.012257,373,81.84,0.07,15,77.21
107589745.428504,374,81.92,-0.42,15,78.44
107617486.565236,375,82.00,-0.66,15,70.49
107645142.823706,376,82.08,-0.29,15,80.98
107672850.544135,377,82.16,0.08,15,72.87
107700569.044609,378,82.24,-0.53,15,74.67
107728270.907039,379,82.32,0.53,15,70.53
107755987.967449,380,82.40,0.14,15,86.19
107783656.309628,381,82.48,-0.99,15,85.32
107811378.037695,382,82.56,0.07,15,76.35
107839084.140252,383,82.64,-0.68,15,77.38
107866792.189507,384,82.72,-0.98,15,88.56
107894496.512256,385,82.80,0.46,15,81.41
107922208.853211,386,82.88,-0.47,15,71.74
107949889.713715,387,82.96,0.62,15,85.51
107977628.754810,388,83.04,-0.84,15,77.64
108005313.246538,389,83.12,-0.85,15,89.35
108033006.565145,390,83.20,0.16,15,78.20
108060743.618120,391,83.28,-0.87,15,76.64
108088408.078705,392,83.36,-0.45,15,76.06
108116092.541895,393,83.44,0.99,15,79.80
108143816.443398,394,83.52,0.26,15,70.60
108171560.520205,395,83.60,-0.37,15,80.14
108199260.163258,396,83.68,0.69,15,88.53
108226926.640793,397,83.76,0.01,15,85.20
108254578.908518,398,83.84,-0.07,15,83.20
108282245.010696,399,83.92,0.03,15,71.71
108309935.119162,400,84.00,-0.45,15,76.93
108337676.118682,401,84.08,-0.06,15,84.17
108365411.836366,402,84.16,-0.37,15,83.69
108393081.614280,403,84.24,-0.30,15,79.50
108420813.079745,404,84.32,0.45,15,83.73
108448512.897852,405,84.40,-0.94,15,76.66
108476186.922921,406,84.48,-0.34,15,81.56
108503908.680232,407,84.56,0.47,15,83.21
108531565.234266,408,84.64,0.67,15,71.43
108559248.999831,409,84.72,0.64,15,73.08
108586997.739737,410,84.80,-0.86,15,80.88
108614649.837876,411,84.88,-0.23,15,78.54
108642324.168549,412,84.96,0.50,15,83.03
108670044.273902,413,85.04,0.18,15,83.88
108697786.445697,414,85.12,0.14,15,73.79
108725453.320736,415,85.20,0.54,15,86.73
108753170.646520,416,85.28,0.87,15,75.93
108780869.117149,417,85.36,-0.25,15,85.41
108808583.453083,418,85.44,0.90,15,82.30
108836249.816045,419,85.52,-0.09,15,85.15
108863958.061643,420,85.60,0.77,15,74.21
108891614.302093,421,85.68,-0.52,15,73.85
108919295.076097,422,85.76,0.85,15,72.83
108946986.156779,423,85.84,0.46,15,85.39
108974684.992580,424,85.92,0.34,15,83.48
109002384.850687,425,86.00,0.63,15,78.99
109030116.730082,426,86.08,0.98,15,87.22
109057847.015752,427,86.16,0.60,15,72.56
109085577.662279,428,86.24,-0.48,15,87.68
109113320.911242,429,86.32,-0.61,15,84.00
109141039.767665,430,86.40,-0.78,15,80.67
109168767.561702,431,86.48,0.92,15,71.88
109196434.939909,432,86.56,-0.24,15,73.76
109224171.592042,433,86.64,-0.82,15,71.88
109251920.435407,434,86.72,0.78,15,70.34
109279635.337841,435,86.80,-0.11,15,89.22
109307350.981603,436,86.88,0.45,15,73.67
109335033.915423,437,86.96,-0.69,15,85.60
109362728.565968,438,87.04,-0.61,15,85.45
109390392.471062,439,87.12,-0.69,15,77.23
109418083.061333,440,87.20,-0.50,15,87.49
109445741.873606,441,87.28,0.94,15,71.58
109473406.697667,442,87.36,0.28,15,78.95
109501151.808941,443,87.44,0.38,15,73.78
109528883.624310,444,87.52,0.09,15,87.96
109556625.965159,445,87.60,0.37,15,75.87
109584329.403432,446,87.68,0.48,15,81.56
109611981.048478,447,87.76,-0.03,15,87.68
109639723.387814,448,87.84,-0.01,15,82.85
109667390.470923,449,87.92,-0.99,15,81.57
109695069.551993,450,88.00,0.18,15,79.07
109722751.580545,451,88.08,0.83,15,79.05
109750406.114640,452,88.16,0.65,15,76.99
109778136.182753,453,88.24,0.40,15,78.12
109805811.564564,454,88.32,0.26,15,83.36
109833510.639426,455,88.40,0.54,15,87.07
109861243.167443,456,88.48,-0.47,15,72.14
109888973.956048,457,88.56,-0.46,15,89.47
109916685.591981,458,88.64,-0.16,15,82.90
109944341.739940,459,88.72,-0.01,15,80.25
109972014.886191,460,88.80,-0.02,15,82.13
109999717.981352,461,88.88,0.83,15,70.17
110027436.789778,462,88.96,0.26,15,81.89
110055128.777384,463,89.04,-0.93,15,75.17
110082876.646153,464,89.12,0.05,15,78.39
110110585.108319,465,89.20,0.24,15,73.83
110138241.023867,466,89.28,-0.23,15,88.21
110165926.037755,467,89.36,-0.04,15,76.99
110193657.904159,468,89.44,-0.40,15,84.49
110221319.955915,469,89.52,-0.16,15,70.07
110249047.896935,470,89.60,0.96,15,77.23
110276774.577209,471,89.68,0.43,15,85.15
110304447.770789,472,89.76,-0.74,15,78.87
110332160.009961,473,89.84,-0.18,15,76.57
110359818.084820,474,89.92,0.12,15,86.39
110387528.602415,475,90.00,0.43,15,76.14
110415233.101363,476,90.08,-0.82,15,72.94
110442908.855113,477,90.16,-0.50,15,71.38
110470573.752091,478,90.24,-0.87,15,86.31
110498273.510120,479,90.32,0.36,15,81.60
110525954.748315,480,90.40,-0.13,15,73.65
110553605.179965,481,90.48,-0.42,15,78.71
110581331.040299,482,90.56,-0.36,15,87.95
110609065.904995,483,90.64,0.33,15,86.76
110636741.819517,484,90.72,-0.79,15,73.19
110664400.174588,485,90.80,0.11,15,78.69
110692111.317141,486,90.88,-0.79,15,84.96
110719832.760138,487,90.96,-0.65,15,89.13
110747571.057869,488,91.04,-0.91,15,83.05
110775274.547153,489,91.12,-0.97,15,74.83
110802973.698399,490,91.20,0.16,15,75.19
110830716.122833,491,91.28,-0.67,15,86.76
110858387.814355,492,91.36,-0.12,15,71.76
110886072.786860,493,91.44,0.51,15,74.56
110913746.086707,494,91.52,0.80,15,82.31
110941450.689910,495,91.60,-0.21,15,88.22
110969166.296744,496,91.68,0.01,15,87.48
110996873.033078,497,91.76,-0.31,15,76.54
111024573.065541,498,91.84,-0.08,15,74.40
111052227.404252,499,91.92,0.06,15,84.16
111079877.608900,500,92.00,-0.93,15,71.18
111107538.227440,501,92.08,0.37,15,78.19
111135264.820498,502,92.16,-0.50,15,81.17
111162968.710385,503,92.24,0.36,15,72.28
111190682.962116,504,92.32,0.89,15,85.76
111218432.924709,505,92.40,-0.79,15,81.56
111246162.066963,506,92.48,-0.72,15,75.80
111273862.683649,507,92.56,-0.67,15,71.17
111301535.155272,508,92.64,-0.40,15,75.39
111329251.033214,509,92.72,0.31,15,77.08
111356960.421159,510,92.80,0.78,15,78.25
111384613.157802,511,92.88,0.62,15,73.51
111412344.817179,512,92.96,-0.38,15,72.47
111440008.649245,513,93.04,-0.08,15,73.30
111467690.040724,514,93.12,-1.00,15,76.59
111495353.280018,515,93.20,0.32,15,86.48
111523035.066231,516,93.28,0.76,15,81.12
111550749.270262,517,93.36,-0.56,15,83.52
111578499.255663,518,93.44,-0.18,15,75.60
111606189.445243,519,93.52,0.00,15,72.39
111633898.632392,520,93.60,-0.32,15,73.29
111661605.274031,521,93.68,0.70,15,79.01
111689273.652121,522,93.76,0.70,15,79.03
111716943.831836,523,93.84,-0.48,15,88.86
111744606.737570,524,93.92,0.87,15,77.65
111772337.788791,525,94.00,0.94,15,70.68
111800058.178953,526,94.08,-0.16,15,88.15
111827754.892085,527,94.16,0.94,15,80.23
111855439.128815,528,94.24,-0.25,15,89.15
111883128.444535,529,94.32,0.21,15,76.98
111910869.319151,530,94.40,0.33,15,83.22
111938540.730825,531,94.48,0.65,15,80.04
111966220.651488,532,94.56,0.53,15,80.97
111993889.198219,533,94.64,0.90,15,78.81
112021611.683374,534,94.72,0.88,15,86.25
112049331.692030,535,94.80,-0.87,15,83.34
112077048.926047,536,94.88,-0.15,15,79.52
112104699.182163,537,94.96,-0.83,15,88.29
112132408.809593,538,95.04,0.02,15,70.20
112160062.641121,539,95.12,-0.84,15,77.01
112187728.746192,540,95.20,0.11,15,77.06
112215459.573289,541,95.28,-0.01,15,75.62
112243156.419921,542,95.36,0.59,15,86.16
112270873.904664,543,95.44,0.59,15,82.75
112298528.246145,544,95.52,0.32,15,84.81
112326229.788570,545,95.60,0.74,15,77.78
112353931.426747,546,95.68,0.90,15,73.56
112381620.043744,547,95.76,0.07,15,79.86
112409288.736047,548,95.84,0.40,15,87.24
112437036.865624,549,95.92,-0.66,15,86.12
112464769.569587,550,96.00,-0.30,15,77.01
112492435.235768,551,96.08,-0.68,15,78.91
112520182.476508,552,96.16,0.18,15,88.18
112547870.700534,553,96.24,0.97,15,89.64
112575609.403133,554,96.32,-0.51,15,85.89
112603312.663986,555,96.40,-0.41,15,87.85
112630981.479748,556,96.48,0.76,15,88.23
112658728.026867,557,96.56,-0.69,15,74.90
112686408.909436,558,96.64,0.74,15,88.37
112714059.149946,559,96.72,-0.47,15,83.68
112741713.481186,560,96.80,-0.50,15,85.10
112769376.939556,561,96.88,-0.14,15,89.93
112797077.301132,562,96.96,0.51,15,83.38
112824737.164546,563,97.04,-0.93,15,74.06
112852431.019552,564,97.12,0.62,15,70.68
112880106.083106,565,97.20,0.99,15,74.76
112907816.573867,566,97.28,0.05,15,71.90
112935482.394434,567,97.36,0.73,15,78.38
112963174.171025,568,97.44,-0.67,15,76.16
112990862.937410,569,97.52,-0.30,15,74.83
113018586.862594,570,97.60,-0.36,15,70.97
113046335.762626,571,97.68,0.44,15,76.62
113074009.638295,572,97.76,-0.80,15,78.14
113101745.051818,573,97.84,-0.07,15,75.61
113129447.819413,574,97.92,-0.74,15,86.41
113157107.387599,575,98.00,-0.68,15,88.79
113184836.098638,576,98.08,-0.94,15,72.78
113212544.820860,577,98.16,0.82,15,86.58
113240230.613668,578,98.24,-0.38,15,88.13
113267955.804134,579,98.32,-0.33,15,82.34
113295684.706181,580,98.40,-0.78,15,79.85
113323411.181360,581,98.48,0.11,15,84.00
113351101.001859,582,98.56,-0.95,15,71.46
113378806.690874,583,98.64,0.81,15,71.91
113406539.523182,584,98.72,-0.62,15,71.97
113434286.698424,585,98.80,-0.57,15,87.16
113462000.141552,586,98.88,-0.81,15,76.90
113489746.292659,587,98.96,0.47,15,78.30
113517444.616854,588,99.04,0.95,15,81.82
113545139.961409,589,99.12,0.26,15,70.84
113572793.070104,590,99.20,0.37,15,73.09
113600534.796394,591,99.28,0.96,15,75.10
113628269.407891,592,99.36,-0.51,15,83.71
113655954.513178,593,99.44,-0.71,15,70.87
113683703.498225,594,99.52,-0.54,15,77.42
113711416.690853,595,99.60,-0.75,15,80.35
113739079.709917,596,99.68,0.99,15,83.26
113766777.610406,597,99.76,0.77,15,84.14
113794434.748788,598,99.84,-0.46,15,89.93
113822165.424258,599,99.92,0.41,15,70.87
113849866.993505,600,100.00,0.43,15,78.19
113877542.289154,601,100.08,0.52,15,70.45
113905251.929824,602,100.16,0.69,15,89.66
113932941.770415,603,100.24,-0.05,15,78.53
113960609.675941,604,100.32,-0.24,15,81.18
113988300.403964,605,100.40,0.07,15,86.26
114015971.960850,606,100.48,0.86,15,84.66
114043671.895894,607,100.56,-0.69,15,83.01
114071351.361537,608,100.64,-0.49,15,88.89
114099011.935521,609,100.72,0.13,15,81.54
114126725.680467,610,100.80,0.82,15,87.24
114154443.333787,611,100.88,0.82,15,72.15
114182149.230883,612,100.96,-0.85,15,76.76
114209863.651977,613,101.04,0.41,15,78.90
114237525.576710,614,101.12,-0.43,15,70.63
114265245.749076,615,101.20,-0.42,15,71.14
114292942.350100,616,101.28,-0.88,15,79.56
114320604.278961,617,101.36,-0.76,15,71.16
114348344.963222,618,101.44,-0.70,15,89.83
114376085.914390,619,101.52,0.88,15,84.35
114403774.436573,620,101.60,-0.36,15,78.22
114431457.634159,621,101.68,-0.93,15,78.52
114459156.305637,622,101.76,-0.53,15,75.39
114486820.564306,623,101.84,-0.51,15,80.82
114514559.496491,624,101.92,-0.32,15,78.04
114542246.596223,625,102.00,-0.53,15,88.80
114569951.502682,626,102.08,0.07,15,76.76
114597701.377913,627,102.16,0.70,15,82.23
114625437.347367,628,102.24,0.11,15,73.91
114653111.703879,629,102.32,0.63,15,77.89
114680769.430205,630,102.40,-0.11,15,76.30
114708510.192694,631,102.48,0.18,15,84.82
114736203.977206,632,102.56,0.50,15,80.38
114763949.442230,633,102.64,0.42,15,70.42
114791699.254081,634,102.72,-0.65,15,83.47
114819419.852166,635,102.80,0.63,15,70.51
114847130.011492,636,102.88,-0.23,15,87.22
114874810.199647,637,102.96,0.37,15,72.00
114902461.080768,638,103.04,0.85,15,83.18
114930184.137956,639,103.12,0.05,15,72.38
114957865.429235,640,103.20,-0.50,15,72.50
114985607.880972,641,103.28,0.82,15,81.52
115013346.859977,642,103.36,0.59,15,84.04
115041038.069111,643,103.44,0.77,15,82.80
115068720.775685,644,103.52,0.17,15,87.13
115096443.399571,645,103.60,0.13,15,72.46
115124163.448556,646,103.68,-0.08,15,73.09
115151880.050023,647,103.76,0.49,15,88.69
115179557.078410,648,103.84,-0.34,15,73.44
115207283.609476,649,103.92,0.69,15,71.05
115235016.162844,650,104.00,-0.00,15,79.63
115262666.634719,651,104.08,0.93,15,89.35
115290381.847408,652,104.16,0.92,15,86.72
115318035.869466,653,104.24,-0.44,15,76.52
115345725.156953,654,104.32,-0.98,15,70.43
115373449.914521,655,104.40,0.49,15,82.39
115401144.668195,656,104.48,0.37,15,84.51
115428812.271706,657,104.56,0.72,15,84.70
115456525.423149,658,104.64,0.80,15,85.81
115484241.712478,659,104.72,-0.64,15,70.45
115511902.195522,660,104.80,-0.10,15,82.46
115539641.144133,661,104.88,-0.20,15,79.45
115567351.493069,662,104.96,-0.31,15,80.41
115595032.297729,663,105.04,-0.34,15,85.56
115622765.444800,664,105.12,-0.12,15,81.97
115650509.066959,665,105.20,0.14,15,72.55
115678237.181710,666,105.28,0.75,15,84.80
115705936.738906,667,105.36,-0.31,15,70.39
115733609.590678,668,105.44,-0.53,15,74.64
115761260.329235,669,105.52,-0.89,15,78.74
115788917.800347,670,105.60,-0.26,15,70.26
115816576.266602,671,105.68,0.00,15,86.33
115844243.386370,672,105.76,0.43,15,85.73
115871923.307550,673,105.84,0.18,15,85.48
115899613.993330,674,105.92,-0.62,15,82.52
115927286.049544,675,106.00,-0.19,15,70.23
115955034.393224,676,106.08,-0.68,15,88.86
115982699.964465,677,106.16,-0.84,15,73.79
116010396.845364,678,106.24,0.03,15,80.51
116038059.717466,679,106.32,0.01,15,78.66
116065800.684447,680,106.40,0.79,15,89.83
116093536.191093,681,106.48,0.15,15,73.31
116121262.177712,682,106.56,-0.72,15,77.92
116148977.888119,683,106.64,0.96,15,83.71
116176705.251822,684,106.72,-0.46,15,72.22
116204398.494505,685,106.80,0.63,15,72.20
116232109.111397,686,106.88,-0.47,15,87.53
116259804.722186,687,106.96,-0.21,15,80.53
116287502.131449,688,107.04,0.55,15,77.10
116315153.382499,689,107.12,-0.70,15,89.15
116342830.509439,690,107.20,-0.17,15,78.15
116370559.788798,691,107.28,-0.09,15,83.32
116398209.851430,692,107.36,-0.44,15,86.86
116425887.719150,693,107.44,-0.61,15,86.21
116453551.217154,694,107.52,-0.63,15,78.24
116481273.159255,695,107.60,-0.27,15,88.68
116509001.960258,696,107.68,-0.98,15,88.95
116536660.469346,697,107.76,-0.84,15,86.22
116564332.939630,698,107.84,0.88,15,86.66
116592074.050700,699,107.92,0.16,15,81.32
116619761.295745,700,108.00,0.05,15,82.93
116647469.425292,701,108.08,0.30,15,73.44
116675153.310559,702,108.16,-0.07,15,88.44
116702885.877618,703,108.24,0.66,15,71.42
116730594.315057,704,108.32,0.59,15,82.30
116758250.076339,705,108.40,-0.00,15,75.82
116785954.894039,706,108.48,0.98,15,70.98
116813655.507322,707,108.56,0.92,15,89.95
116841351.944596,708,108.64,0.44,15,80.33
116869092.966454,709,108.72,0.51,15,78.66
116896817.907027,710,108.80,0.10,15,72.65
116924476.253117,711,108.88,-0.17,15,83.77
116952178.618211,712,108.96,0.84,15,81.84
116979841.109620,713,109.04,0.08,15,84.01
117007574.827535,714,109.12,0.33,15,70.44
117035243.729934,715,109.20,-0.77,15,89.79
117062918.900143,716,109.28,0.77,15,84.10
117090613.879817,717,109.36,-0.74,15,86.92
117118286.982115,718,109.44,-0.69,15,81.24
117145985.366143,719,109.52,-0.02,15,83.00
117173732.320637,720,109.60,0.52,15,71.64
117201405.023730,721,109.68,-0.82,15,89.71
117229057.830706,722,109.76,0.04,15,75.19
117256721.702897,723,109.84,-0.51,15,76.12
117284424.351754,724,109.92,-0.39,15,83.56
117312088.306341,725,110.00,-0.88,15,75.30
117339786.167944,726,110.08,-0.71,15,85.38
117367486.812812,727,110.16,-0.06,15,86.98
117395172.101507,728,110.24,0.49,15,70.04
117422918.498683,729,110.32,-0.98,15,89.17
117450575.334356,730,110.40,0.05,15,89.92
117478258.294665,731,110.48,0.66,15,76.92
117505989.801916,732,110.56,0.21,15,72.34
117533702.703466,733,110.64,-0.01,15,74.35
117561445.471253,734,110.72,0.28,15,82.35
117589109.070797,735,110.80,-0.30,15,75.18
117616795.154628,736,110.88,-0.71,15,70.01
117644528.244309,737,110.96,-0.72,15,85.74
117672270.375001,738,111.04,0.05,15,80.76
117699934.419948,739,111.12,-0.33,15,86.37
117727676.139248,740,111.20,0.18,15,74.34
117755416.790649,741,111.28,-0.09,15,86.90
117783087.115931,742,111.36,0.45,15,72.21
117810777.813431,743,111.44,0.29,15,75.56
117838501.436993,744,111.52,0.18,15,86.58
117866241.086007,745,111.60,0.66,15,84.23
117893922.188243,746,111.68,-0.22,15,78.52
117921595.925689,747,111.76,0.23,15,78.14
117949310.022385,748,111.84,0.60,15,85.20
117976962.625828,749,111.92,0.08,15,87.79
118004703.702132,750,112.00,-0.16,15,82.93
118032408.932602,751,112.08,0.98,15,85.81
118060143.351481,752,112.16,0.39,15,88.05
118087805.208641,753,112.24,0.35,15,75.08
118115475.743120,754,112.32,0.46,15,79.50
118143131.166432,755,112.40,-0.77,15,80.01
118170848.898885,756,112.48,0.60,15,77.44
118198560.887901,757,112.56,-0.55,15,88.69
118226282.145105,758,112.64,0.27,15,89.95
118254003.048430,759,112.72,-0.65,15,70.51
118281719.501688,760,112.80,0.74,15,78.05
118309371.758091,761,112.88,-0.08,15,80.03
118337084.536711,762,112.96,0.29,15,77.32
118364794.447539,763,113.04,-0.40,15,77.85
118392540.926781,764,113.12,0.01,15,86.25
118420258.826195,765,113.20,-0.26,15,70.44
118447961.066053,766,113.28,0.64,15,75.33
118475647.636720,767,113.36,0.27,15,74.63
118503393.954363,768,113.44,0.19,15,83.89
118531100.866549,769,113.52,-0.98,15,76.28
118558772.260656,770,113.60,-0.85,15,84.26
118586519.748131,771,113.68,-0.42,15,73.11
118614183.163603,772,113.76,0.15,15,84.52
118641924.121185,773,113.84,-0.09,15,71.58
118669619.680645,774,113.92,-0.89,15,74.54
118697365.020964,775,114.00,-0.58,15,86.28
118725061.870380,776,114.08,-0.93,15,71.54
118752782.705897,777,114.16,-0.67,15,72.80
118780508.183165,778,114.24,-0.59,15,80.58
118808238.477995,779,114.32,0.06,15,70.98
118835923.601803,780,114.40,-0.46,15,77.37
118863597.763272,781,114.48,-0.48,15,88.97
118891280.764239,782,114.56,0.56,15,71.76
118918956.481883,783,114.64,-0.24,15,78.04
118946688.352587,784,114.72,0.15,15,71.89
118974345.020619,785,114.80,0.01,15,72.24
119002062.474829,786,114.88,-0.30,15,80.94
119029782.164487,787,114.96,0.13,15,80.28
119057490.661707,788,115.04,-0.31,15,74.00
119085235.174070,789,115.12,-0.11,15,70.00
119112919.794104,790,115.20,0.44,15,78.05
119140581.170106,791,115.28,0.23,15,85.04
119168329.463010,792,115.36,-0.40,15,72.47
119196039.110956,793,115.44,-0.61,15,87.51
119223750.587925,794,115.52,0.67,15,76.95
119251436.051719,795,115.60,0.98,15,80.38
119279181.222467,796,115.68,-0.00,15,70.65
119306846.628249,797,115.76,0.19,15,85.35
119334543.755850,798,115.84,0.16,15,83.04
119362219.745740,799,115.92,-0.53,15,73.31
119389942.967648,800,116.00,0.14,15,74.39
119417675.311511,801,116.08,-0.00,15,70.53
119445422.848727,802,116.16,-0.24,15,77.29
119473156.301308,803,116.24,-0.24,15,78.43
119500809.713833,804,116.32,-0.61,15,86.37
119528556.599746,805,116.40,0.70,15,79.04
119556247.088228,806,116.48,0.29,15,86.41
119583940.806121,807,116.56,0.31,15,75.53
119611679.069933,808,116.64,0.06,15,75.03
119639382.075056,809,116.72,-0.97,15,79.58
119667119.388921,810,116.80,-0.50,15,74.45
119694789.145524,811,116.88,-0.15,15,77.42
119722509.537854,812,116.96,-0.05,15,81.83
119750253.840072,813,117.04,-0.65,15,87.46
119777909.505236,814,117.12,0.34,15,79.60
119805636.438211,815,117.20,0.03,15,74.85
119833349.849482,816,117.28,-0.42,15,81.15
119861081.267824,817,117.36,-0.86,15,83.88
119888773.166439,818,117.44,0.33,15,71.80
119916521.655950,819,117.52,0.56,15,77.33
119944261.935665,820,117.60,0.70,15,72.65
119971950.970831,821,117.68,0.39,15,81.13
119999682.982899,822,117.76,-0.44,15,84.39
120027428.112469,823,117.84,-0.55,15,75.73
120055177.143327,824,117.92,0.09,15,81.61
120082865.430639,825,118.00,0.95,15,88.09
120110552.636455,826,118.08,-0.92,15,77.55
120138227.291599,827,118.16,-0.66,15,83.58
120165943.309935,828,118.24,0.08,15,81.48
120193650.446712,829,118.32,-0.97,15,87.07
120221349.587287,830,118.40,0.62,15,83.21
120249050.786032,831,118.48,0.12,15,79.19
120276704.468824,832,118.56,-0.94,15,79.95
120304411.434027,833,118.64,-0.94,15,79.60
120332069.103898,834,118.72,-0.93,15,75.97
120359779.042926,835,118.80,-0.53,15,88.95
120387465.860800,836,118.88,-0.39,15,76.34
120415139.714158,837,118.96,0.17,15,75.44
120442844.055471,838,119.04,0.48,15,82.04
120470577.108989,839,119.12,-0.44,15,76.95
120498246.196560,840,119.20,0.62,15,76.45
120525952.077807,841,119.28,0.55,15,75.08
120553694.338813,842,119.36,0.74,15,87.21
120581388.719860,843,119.44,-0.05,15,86.98
120609104.623753,844,119.52,0.05,15,82.39
120636835.009782,845,119.60,-0.15,15,77.99
120664552.264341,846,119.68,0.93,15,80.86
120692288.891748,847,119.76,-0.21,15,85.37
120719946.853279,848,119.84,-0.21,15,88.82
120747641.375737,849,119.92,0.91,15,74.54
120775310.450014,850,120.00,-0.02,15,87.16
120802995.621261,851,119.98,0.18,15,80.47
120830721.353245,852,120.02,0.48,15,88.45
120858407.283062,853,120.04,0.52,15,73.62
120886133.029134,854,120.03,0.90,15,82.67
120913860.261829,855,120.00,-0.77,15,89.44
120941541.419279,856,119.98,0.89,15,82.03
120969202.915400,857,120.04,0.40,15,81.16
120996941.277982,858,120.01,0.65,15,84.46
121024601.723995,859,119.95,-0.60,15,77.18
121052288.452738,860,119.98,-0.17,15,74.54
121080011.520157,861,119.97,-0.36,15,87.36
121107669.675876,862,119.99,-0.54,15,87.78
121135371.764621,863,120.04,0.97,15,76.32
121163037.781495,864,120.02,0.91,15,74.12
121190730.038357,865,120.00,0.79,15,76.17
121218417.378582,866,119.99,0.13,15,71.42
121246095.012739,867,119.96,0.64,15,81.91
121273814.346261,868,119.97,0.91,15,76.84
121301496.899871,869,120.02,-0.44,15,79.49
121329163.194540,870,120.01,0.67,15,81.83
121356830.176127,871,120.05,-0.39,15,76.74
121384566.379639,872,120.01,0.65,15,84.96
121412266.412305,873,120.04,0.71,15,85.39
121439964.913880,874,119.99,0.84,15,79.27
121467628.874941,875,120.04,0.91,15,82.38
121495297.902019,876,120.01,-0.19,15,88.14
121522955.687133,877,120.01,-0.34,15,78.43
121550617.573012,878,120.05,-0.50,15,81.83
121578345.856379,879,120.01,-0.27,15,80.19
121606022.403767,880,120.03,-0.83,15,78.66
121633742.959420,881,120.02,0.06,15,85.30
121661405.093694,882,119.98,-0.36,15,73.29
121689131.459185,883,120.03,0.52,15,75.32
121716800.449258,884,120.04,0.85,15,89.39
121744540.710382,885,120.04,0.93,15,88.81
121772276.166950,886,119.96,-0.18,15,81.45
121799940.044248,887,120.01,0.26,15,88.17
121827590.785729,888,120.00,-0.02,15,83.22
121855280.314663,889,119.99,0.59,15,87.31
121882988.331283,890,120.01,-0.99,15,76.10
121910692.005958,891,119.97,-0.44,15,85.99
121938440.915302,892,119.98,-0.48,15,82.55
121966170.679533,893,120.02,-0.76,15,72.84
121993896.455545,894,120.02,-0.89,15,75.76
122021555.443495,895,119.98,-0.24,15,71.72
122049212.648389,896,120.05,-0.53,15,74.09
122076892.777981,897,120.04,-0.63,15,72.26
122104575.737542,898,120.00,0.50,15,73.65
122132313.201580,899,119.99,-0.84,15,80.03
122160050.564047,900,119.99,-0.33,15,88.87
122187749.304216,901,119.99,0.96,15,89.78
122215412.282342,902,120.00,-0.61,15,85.99
122243155.551918,903,119.96,0.80,15,73.30
122270892.634491,904,119.95,0.79,15,73.46
122298597.279631,905,119.99,0.06,15,87.68
122326303.087901,906,119.95,0.02,15,79.23
122354043.807746,907,119.99,-0.16,15,81.60
122381791.807464,908,120.00,-0.15,15,77.12
122409522.794784,909,119.96,0.28,15,70.04
122437244.546799,910,120.02,-0.71,15,75.06
122464959.051215,911,120.05,0.56,15,80.45
122492683.332066,912,120.03,-0.86,15,80.75
122520365.530631,913,119.98,-0.67,15,81.19
122548071.424806,914,119.95,-0.22,15,74.57
122575814.745391,915,120.04,0.50,15,77.59
122603527.491231,916,119.95,-0.50,15,70.23
122631193.983796,917,120.01,-0.21,15,89.70
122658905.493185,918,120.04,0.93,15,80.04
122686617.369460,919,120.02,-0.57,15,87.03
122714345.269783,920,119.99,0.42,15,86.45
122742080.978118,921,120.02,-0.72,15,87.16
122769810.592137,922,119.95,0.01,15,71.26
122797508.785888,923,120.04,-0.89,15,74.56
122825208.208336,924,120.05,-0.43,15,81.34
122852871.214673,925,119.97,0.93,15,73.54
122880521.642466,926,120.01,0.48,15,87.09
122908174.009089,927,120.01,0.64,15,72.44
122935877.462025,928,119.99,0.22,15,87.23
122963534.878873,929,120.02,0.84,15,89.65
122991223.966296,930,120.01,0.02,15,75.25
123018957.266713,931,120.01,-0.73,15,76.94
123046616.996632,932,120.02,0.52,15,79.34
123074340.531918,933,119.99,-0.25,15,80.24
123102015.676422,934,120.01,-0.53,15,80.17
123129708.636289,935,119.99,0.24,15,88.41
123157457.264417,936,120.03,-0.52,15,77.50
123185193.879258,937,120.04,0.98,15,87.99
123212879.388688,938,119.98,-0.98,15,76.23
123240620.057729,939,120.02,0.43,15,88.02
123268287.915543,940,120.03,-0.45,15,74.28
123295976.952327,941,120.03,0.78,15,70.98
123323708.763769,942,119.95,0.33,15,83.66
123351452.659461,943,120.03,-0.33,15,84.98
123379110.828484,944,120.01,-0.50,15,75.99
123406797.163762,945,119.97,-0.02,15,71.74
123434448.482608,946,120.01,-0.60,15,70.55
123462182.994796,947,120.04,0.77,15,74.58
123489834.944669,948,120.03,0.66,15,81.93
123517513.684646,949,120.01,0.15,15,80.95
123545220.116378,950,120.02,0.54,15,70.09
123572874.510992,951,119.98,0.50,15,76.34
123600593.847297,952,120.03,-0.42,15,71.61
123628252.557297,953,119.97,-0.25,15,71.51
123655941.298282,954,120.03,-0.44,15,80.47
123683599.148175,955,119.97,0.16,15,77.73
123711338.079585,956,120.01,0.29,15,79.29
123739075.836286,957,120.01,-0.53,15,83.16
123766807.107298,958,120.04,-0.63,15,76.68
123794536.385769,959,120.04,0.72,15,73.31
123822245.677323,960,120.05,-0.63,15,74.48
123849966.800264,961,119.98,-0.65,15,74.62
123877685.208184,962,119.96,0.33,15,89.03
123905416.918231,963,120.03,0.40,15,85.34
123933105.236456,964,119.96,0.01,15,75.62
123960766.797195,965,120.04,0.31,15,79.51
123988489.772108,966,119.97,0.85,15,84.18
124016198.861381,967,119.99,-0.43,15,77.56
124043873.078064,968,120.02,0.71,15,74.45
124071573.578470,969,119.99,-0.94,15,81.60
124099309.113537,970,119.96,0.66,15,84.44
124127008.198476,971,120.02,0.97,15,76.94
124154665.052687,972,120.03,-0.30,15,87.82
124182344.390210,973,119.97,-0.94,15,88.38
124210073.958816,974,119.95,-0.62,15,77.59
124237805.914001,975,119.95,0.37,15,85.85
124265536.500511,976,119.99,0.25,15,86.99
124293265.830943,977,119.98,-0.77,15,81.58
124320927.613203,978,119.97,0.61,15,74.25
124348653.632853,979,119.98,0.60,15,87.08
124376376.527338,980,120.02,0.85,15,79.95
124404106.743201,981,119.99,0.96,15,82.53
124431804.139110,982,120.03,0.69,15,89.26
124459514.499178,983,120.02,0.51,15,84.51
124487169.713697,984,119.98,-0.88,15,85.86
124514839.882439,985,119.98,0.92,15,76.90
124542519.523964,986,120.00,0.00,15,81.56
124570243.744862,987,120.03,-0.04,15,85.79
124597987.381297,988,120.01,-0.59,15,83.40
124625725.074194,989,119.98,-0.99,15,83.05
124653438.732212,990,120.02,0.16,15,72.52
124681096.796946,991,120.03,0.87,15,81.04
124708802.685505,992,119.98,-0.39,15,87.21
124736545.259453,993,119.98,-0.93,15,78.02
124764279.678235,994,119.97,-0.66,15,85.27
124792021.746531,995,119.97,-0.56,15,78.89
124819753.313336,996,119.97,-0.29,15,89.78
124847477.133631,997,120.03,-0.47,15,82.93
124875148.269181,998,120.05,-0.67,15,82.92
124902861.979630,999,120.03,0.91,15,79.68
124930600.855031,1000,120.03,-0.27,15,74.21
124958278.477718,1001,119.98,-0.90,15,71.87
124985958.138144,1002,119.96,-0.44,15,81.61
125013629.831154,1003,119.96,-0.96,15,80.76
125041378.047294,1004,120.00,-0.52,15,83.30
125069119.837551,1005,120.04,-0.81,15,83.83
125096854.046400,1006,119.97,-0.58,15,77.64
125124554.516366,1007,119.98,-0.12,15,80.17
125152254.723035,1008,120.03,-0.07,15,71.80
125179946.850607,1009,120.04,0.21,15,76.25
125207621.511153,1010,119.95,0.47,15,71.05
125235312.920401,1011,119.98,0.46,15,71.27
125263062.504831,1012,119.96,-0.50,15,86.01
125290738.541453,1013,120.05,0.73,15,74.45
125318474.105552,1014,120.01,0.32,15,89.51
125346220.892525,1015,119.99,0.39,15,79.75
125373919.225296,1016,119.95,0.98,15,70.25
125401588.091882,1017,119.97,-0.89,15,85.29
125429255.204390,1018,119.98,-0.69,15,84.17
125456989.534882,1019,119.96,-0.80,15,70.96
125484696.157306,1020,119.99,0.08,15,70.28
125512414.057592,1021,120.00,0.09,15,77.59
125540152.170625,1022,119.99,-0.31,15,72.61
125567866.407492,1023,120.02,-0.61,15,80.50
125595532.873587,1024,120.04,0.76,15,80.04
125623214.795065,1025,120.03,-0.23,15,88.65
125650915.109254,1026,120.02,0.70,15,86.71
125678655.674840,1027,120.03,0.30,15,77.83
125706403.797415,1028,120.03,-0.66,15,89.23
125734068.928809,1029,120.02,-0.19,15,79.17
125761770.460476,1030,119.98,0.75,15,83.01
125789474.579522,1031,120.00,-0.01,15,75.49
125817130.387166,1032,119.98,1.00,15,77.00
125844810.243118,1033,119.97,-0.66,15,88.31
125872536.534920,1034,120.00,0.51,15,79.35
125900197.740488,1035,120.04,-0.44,15,88.93
125927879.725514,1036,120.04,-0.93,15,83.84
125955539.876868,1037,120.02,-0.39,15,87.63
125983202.440929,1038,119.99,0.85,15,86.21
126010858.803930,1039,119.99,0.15,15,70.55
126038525.979965,1040,119.98,-0.84,15,87.31
126066226.119385,1041,120.01,-0.61,15,88.81
126093923.458557,1042,119.97,0.52,15,81.12
126121627.845961,1043,119.98,-0.53,15,78.61
126149355.748962,1044,119.98,0.93,15,87.23
126177014.050268,1045,119.99,0.04,15,83.22
126204746.388512,1046,120.02,0.29,15,81.49
126232404.145009,1047,120.04,-0.91,15,89.47
126260054.419994,1048,119.98,0.29,15,84.87
126287712.780564,1049,120.00,0.30,15,86.89
126315456.733688,1050,120.01,-0.22,15,80.51
126343190.507979,1051,119.96,0.50,15,73.07
126370851.485593,1052,120.01,0.04,15,73.42
126398527.572611,1053,120.02,-0.26,15,79.48
126426206.572259,1054,120.02,-0.97,15,75.10
126453892.420334,1055,120.03,0.39,15,88.84
126481615.806526,1056,120.03,-0.03,15,77.54
126509339.422823,1057,119.96,-0.20,15,85.68
126537054.714639,1058,119.96,-0.09,15,83.34
126564770.298670,1059,119.98,-0.16,15,71.38
126592452.651373,1060,119.96,0.64,15,72.72
126620148.809960,1061,120.03,-0.59,15,79.91
126647898.794671,1062,119.98,-0.40,15,83.66
126675548.937139,1063,120.05,0.48,15,88.81
126703287.346936,1064,120.02,0.85,15,70.97
126731026.494601,1065,119.99,0.04,15,75.27
126758715.157573,1066,120.01,0.35,15,81.91
126786415.181343,1067,120.05,0.56,15,75.37
126814075.680136,1068,120.02,-0.56,15,81.81
126841751.224456,1069,120.04,0.50,15,88.75
126869410.375621,1070,119.98,0.29,15,89.10
126897137.427839,1071,119.99,-0.51,15,77.06
126924877.375532,1072,119.95,-0.86,15,80.07
126952617.588998,1073,120.02,-0.72,15,83.14
126980305.514244,1074,119.96,-0.78,15,76.94
127008031.516874,1075,120.04,-0.23,15,81.76
127035766.461319,1076,120.01,0.72,15,86.72
127063467.065106,1077,119.99,0.20,15,79.73
127091203.108159,1078,120.02,0.35,15,77.29
127118931.037454,1079,119.95,-0.16,15,85.10
127146671.190170,1080,119.97,0.46,15,80.92
127174343.872039,1081,120.00,0.30,15,86.40
127202092.082470,1082,120.02,0.19,15,87.72
127229764.733925,1083,120.04,-0.40,15,87.30
127257449.713407,1084,120.01,-0.03,15,80.85
127285106.136258,1085,120.01,-0.25,15,74.41
127312775.078458,1086,119.96,-0.17,15,80.24
127340437.315949,1087,120.04,0.84,15,78.70
127368097.989950,1088,119.95,0.93,15,85.37
127395809.478855,1089,120.01,-0.61,15,75.03
127423484.203779,1090,120.02,0.54,15,81.59
127451220.942331,1091,119.99,-0.59,15,85.66
127478919.211329,1092,119.96,0.86,15,89.52
127506655.159281,1093,119.98,0.94,15,70.59
127534342.814426,1094,120.04,0.04,15,72.10
127562040.810124,1095,120.00,0.19,15,82.68
127589765.265253,1096,119.97,-0.47,15,74.85
127617458.649090,1097,120.01,-0.60,15,71.84
127645158.788616,1098,120.00,-0.33,15,72.07
127672864.198876,1099,120.01,0.41,15,84.99
127700531.144185,1100,119.97,-0.73,15,73.29
127728210.345305,1101,119.96,-0.11,15,74.02
127755863.796096,1102,120.02,0.62,15,79.55
127783550.651592,1103,120.05,0.79,15,81.06
127811245.837877,1104,120.04,-0.62,15,72.87
127838930.023930,1105,119.95,0.13,15,87.31
127866647.112516,1106,119.95,0.19,15,76.28
127894329.586174,1107,120.04,0.18,15,79.28
127922016.954173,1108,120.04,-0.25,15,87.99
127949698.364266,1109,120.02,0.20,15,72.39
127977384.918720,1110,120.04,0.59,15,75.30
128005133.916407,1111,120.02,0.47,15,86.54
128032812.349128,1112,119.95,0.28,15,88.05
128060481.177502,1113,120.04,0.66,15,71.86
128088199.003894,1114,119.96,0.06,15,86.49
128115883.376696,1115,119.97,-0.36,15,82.07
128143544.699287,1116,119.97,0.28,15,86.96
128171225.945625,1117,119.95,-0.80,15,73.91
128198933.933047,1118,119.97,-0.88,15,82.86
128226629.327516,1119,120.03,0.93,15,75.18
128254323.294694,1120,120.01,-0.56,15,72.27
128282066.899005,1121,120.05,0.67,15,72.59
128309752.717180,1122,120.02,-0.28,15,81.23
128337465.534205,1123,120.05,0.15,15,79.90
128365186.708044,1124,119.97,-0.01,15,87.99
128392915.816967,1125,120.02,0.41,15,86.61
128420608.676784,1126,119.97,0.83,15,75.68
128448296.994715,1127,120.02,-0.28,15,74.84
128476039.748878,1128,119.97,0.14,15,76.45
128503739.170792,1129,119.95,0.52,15,79.75
128531414.753677,1130,120.01,0.03,15,76.45
128559097.323863,1131,120.00,0.73,15,76.79
128586787.533328,1132,120.02,0.41,15,75.63
128614452.265747,1133,120.03,-0.81,15,77.62
128642149.221275,1134,119.99,0.94,15,70.14
128669846.702470,1135,119.99,-0.11,15,82.26
128697532.335587,1136,120.04,-0.21,15,81.95
128725242.726841,1137,119.96,0.44,15,86.49
128752915.237080,1138,119.96,-0.81,15,72.49
128780634.539937,1139,120.01,0.16,15,88.58
128808325.645903,1140,120.02,0.41,15,87.46
128835982.062923,1141,119.96,-0.45,15,86.62
128863687.477758,1142,119.97,0.69,15,86.90
128891384.454097,1143,120.05,-0.52,15,81.49
128919062.592079,1144,120.04,-0.12,15,70.44
128946796.594430,1145,120.03,0.06,15,89.41
128974536.203420,1146,119.98,-0.01,15,78.05
129002202.825790,1147,120.04,-0.01,15,82.31
129029919.180688,1148,119.98,-0.62,15,79.55
129057647.339067,1149,120.01,0.40,15,88.21
129085384.328843,1150,119.99,-0.78,15,80.41
129113086.429861,1151,119.97,0.05,15,71.41
129140790.335199,1152,120.03,0.37,15,75.78
129168475.136344,1153,120.00,0.97,15,86.40
129196160.937555,1154,119.95,1.00,15,73.94
129223885.951812,1155,120.02,-0.62,15,81.55
129251552.990963,1156,119.97,0.60,15,87.74
129279268.456829,1157,120.01,0.02,15,70.81
129306968.112292,1158,120.02,0.62,15,83.58
129334630.884173,1159,120.01,0.14,15,71.84
129362331.585868,1160,119.99,-0.29,15,79.25
129390008.309815,1161,119.97,-0.50,15,85.05
129417753.346009,1162,119.96,-0.49,15,81.85
129445420.485280,1163,120.02,0.17,15,84.05
129473100.859854,1164,119.99,0.31,15,89.65
129500787.040185,1165,119.98,-0.91,15,75.45
129528535.800511,1166,120.04,0.86,15,85.72
129556267.601198,1167,119.98,0.60,15,84.91
129584011.574735,1168,120.00,-0.73,15,75.44
129611721.423383,1169,119.98,0.49,15,74.02
129639383.196036,1170,119.95,-0.48,15,82.55
129667086.637493,1171,119.98,-0.43,15,76.34
129694800.779252,1172,119.98,-0.57,15,72.55
129722538.677925,1173,119.98,-0.26,15,77.86
129750274.125559,1174,120.05,0.70,15,77.78
129777963.593296,1175,119.97,0.05,15,78.78
129805686.793656,1176,119.98,0.83,15,79.28
129833381.048414,1177,119.97,-0.38,15,70.68
129861033.771283,1178,119.97,0.29,15,83.76
129888708.366935,1179,119.97,-0.45,15,75.59
129916421.337045,1180,120.02,0.98,15,87.49
129944119.459258,1181,119.99,-0.08,15,83.10
129971791.253101,1182,119.98,0.11,15,80.87
129999520.108388,1183,119.98,-0.82,15,85.18
130027221.260814,1184,119.99,0.53,15,83.24
130054891.633571,1185,120.04,-0.87,15,70.86
130082637.582439,1186,120.01,-0.44,15,76.32
130110376.966329,1187,120.01,-0.51,15,72.99
130138042.416086,1188,120.01,0.09,15,88.39
130165723.553096,1189,119.96,0.92,15,75.38
130193439.709665,1190,120.03,0.79,15,86.37
130221159.707113,1191,120.01,-0.24,15,76.85
130248889.593247,1192,120.04,0.75,15,89.87
130276552.138409,1193,120.02,0.07,15,74.64
130304230.180807,1194,119.98,-0.22,15,80.60
130331884.766833,1195,120.03,0.91,15,80.77
130359573.563209,1196,119.98,-0.27,15,81.16
130387287.863054,1197,120.05,0.74,15,75.19
130415035.237493,1198,119.97,0.20,15,79.90
130442711.602501,1199,120.00,0.68,15,82.59
130470427.893646,1200,119.95,0.01,15,79.03
130498143.657995,1201,120.00,-0.32,15,70.59
130525799.537925,1202,120.02,-0.07,15,71.50
130553476.070139,1203,120.00,-0.26,15,73.39
130581158.617905,1204,119.96,-0.78,15,70.53
130608825.846653,1205,120.00,0.89,15,85.96
130636531.303984,1206,119.95,-0.37,15,89.86
130664193.401424,1207,119.97,0.18,15,75.92
130691849.180285,1208,120.04,0.85,15,80.62
130719512.321405,1209,120.02,0.30,15,85.27
130747227.512589,1210,120.02,0.12,15,76.85
130774913.382875,1211,119.99,0.49,15,80.09
130802612.826107,1212,119.98,0.73,15,80.84
130830334.532438,1213,120.04,0.29,15,81.17
130858079.096530,1214,120.00,-0.99,15,75.34
130885793.785068,1215,119.98,0.92,15,70.34
130913512.577302,1216,119.96,-0.99,15,72.28
130941246.250793,1217,120.04,0.79,15,77.44
130968994.450234,1218,120.00,0.20,15,87.20
130996679.597134,1219,120.00,-0.41,15,79.50
131024374.052966,1220,119.96,0.02,15,76.85
131052089.259134,1221,120.03,0.70,15,73.44
131079791.239396,1222,119.97,-0.16,15,76.28
131107455.226177,1223,119.99,-0.68,15,70.68
131135155.291734,1224,120.03,0.94,15,70.02
131162901.017979,1225,119.97,-0.97,15,72.16
131190602.105475,1226,119.99,-0.15,15,81.16
131218259.773587,1227,119.99,-0.15,15,88.45
131245960.694137,1228,120.04,-0.48,15,85.40
131273709.816123,1229,119.95,0.03,15,81.36
131301375.501285,1230,120.01,0.33,15,77.86
131329083.868054,1231,120.00,-0.21,15,73.95
131356788.919291,1232,120.00,-0.01,15,73.91
131384496.564643,1233,119.99,0.46,15,76.52
131412159.889103,1234,119.97,-0.65,15,89.09
131439882.354001,1235,120.00,0.49,15,77.13
131467574.860782,1236,120.03,-0.33,15,78.33
131495301.361430,1237,119.99,-0.24,15,87.16
131523030.854697,1238,120.04,0.05,15,81.59
131550699.407265,1239,120.01,-0.58,15,79.59
131578399.946501,1240,119.98,-0.48,15,83.63
131606095.466217,1241,120.04,-0.47,15,85.35
131633760.653797,1242,120.00,0.77,15,70.82
131661438.202745,1243,119.98,-0.89,15,89.53
131689128.597646,1244,119.97,-0.39,15,73.04
131716837.941608,1245,119.96,0.51,15,79.46
131744552.158062,1246,119.99,-0.93,15,81.53
131772204.915400,1247,119.96,0.38,15,77.52
131799876.902824,1248,120.04,0.21,15,74.38
131827556.833965,1249,119.95,0.51,15,76.25
131855278.762385,1250,120.03,0.26,15,88.85
131882968.949432,1251,120.01,0.17,15,87.25
131910636.783750,1252,120.04,-0.02,15,82.86
131938332.502491,1253,119.98,-0.33,15,72.72
131966069.402267,1254,119.99,0.37,15,74.06
131993792.279714,1255,119.95,0.16,15,85.17
132021444.300920,1256,120.04,0.21,15,87.99
132049136.862869,1257,120.05,-0.84,15,74.04
132076867.771240,1258,120.02,0.75,15,87.53
132104528.459479,1259,120.03,-0.94,15,75.81
132132257.895702,1260,119.98,-0.28,15,75.96
132159919.932621,1261,119.99,0.56,15,81.59
132187666.111106,1262,120.04,-0.66,15,79.42
132215342.583669,1263,120.05,-0.27,15,70.25
132243060.084890,1264,120.04,-0.31,15,80.67
132270713.405424,1265,120.05,0.08,15,80.72
132298414.093594,1266,120.01,0.52,15,70.19
132326124.999076,1267,119.98,0.19,15,76.67
132353797.366826,1268,120.02,0.97,15,85.50
132381517.699096,1269,119.98,0.61,15,79.22
132409236.051275,1270,120.01,-0.97,15,70.44
132436960.508810,1271,119.97,0.04,15,76.35
132464700.703386,1272,120.02,-0.73,15,88.17
132492373.544695,1273,120.00,0.53,15,74.02
132520121.734348,1274,120.03,0.53,15,77.06
132547818.991967,1275,119.99,-0.96,15,81.14
132575500.759749,1276,120.03,-0.96,15,83.69
132603167.339687,1277,120.00,0.65,15,84.25
132630820.414083,1278,120.00,-0.18,15,81.88
132658537.920781,1279,120.04,0.12,15,79.81
132686211.991679,1280,119.97,-0.87,15,75.97
132713886.969523,1281,120.02,0.14,15,85.61
132741547.087355,1282,120.04,0.70,15,86.13
132769283.409305,1283,119.98,-0.56,15,76.78
132796959.950290,1284,119.97,-0.25,15,90.00
132824641.172230,1285,119.97,-0.39,15,80.88
132852377.831241,1286,119.96,-0.81,15,84.07
132880074.500194,1287,120.01,-0.80,15,81.10
132907772.817405,1288,119.95,-0.73,15,85.45
132935433.877604,1289,120.03,0.25,15,70.14
132963114.902839,1290,120.01,0.57,15,72.85
132990765.743633,1291,120.05,-0.33,15,87.82
133018474.825001,1292,119.97,0.72,15,72.35
133046151.940772,1293,119.98,-0.18,15,80.41
133073870.467589,1294,120.00,-0.13,15,71.54
133101596.899507,1295,120.02,-0.16,15,89.60
133129316.511887,1296,119.96,0.61,15,72.28
133157062.664488,1297,119.96,-0.59,15,72.48
133184789.662966,1298,120.04,0.87,15,78.93
133212462.128074,1299,119.97,0.61,15,84.62
133240175.057290,1300,120.05,-0.90,15,82.26
133267847.494152,1301,120.01,-0.38,15,83.31
133295522.808145,1302,119.98,0.48,15,75.79
133323180.193724,1303,120.05,0.53,15,77.04
133350919.903342,1304,119.97,0.94,15,72.80
133378626.636076,1305,120.02,-0.55,15,85.99
133406295.616038,1306,119.95,0.40,15,89.14
133433958.478272,1307,120.05,0.43,15,71.87
133461635.906306,1308,119.97,0.84,15,81.55
133489293.908194,1309,120.01,0.47,15,79.13
133517033.975859,1310,119.96,-0.67,15,73.18
133544781.777076,1311,119.95,-0.56,15,78.29
133572493.018658,1312,120.01,0.04,15,76.11
133600177.587973,1313,120.01,-0.70,15,79.02
133627844.630002,1314,120.03,0.02,15,78.38
133655507.488777,1315,119.97,0.70,15,70.32
133683200.256875,1316,120.02,0.54,15,75.99
133710939.634691,1317,119.95,0.40,15,73.33
133738687.381622,1318,120.03,-0.73,15,79.98
133766379.470137,1319,120.01,0.86,15,82.47
133794077.151596,1320,119.99,-0.78,15,73.00
133821824.394598,1321,120.03,-0.98,15,85.48
133849506.983175,1322,120.00,0.15,15,85.87
133877220.286341,1323,120.04,-0.71,15,77.94
133904904.246300,1324,120.04,0.55,15,80.85
133932592.044575,1325,119.99,0.04,15,89.89
133960245.352196,1326,119.98,0.04,15,80.29
133987933.272308,1327,119.96,-0.18,15,87.44
134015627.090917,1328,120.02,0.51,15,80.11
134043326.887444,1329,119.95,-0.23,15,77.02
134071053.391264,1330,120.04,0.79,15,76.83
134098797.470812,1331,120.02,0.13,15,86.31
134126476.706421,1332,120.02,0.08,15,83.88
134154131.443216,1333,120.02,-0.19,15,79.12
134181793.759999,1334,120.03,-0.89,15,70.73
134209481.729825,1335,120.03,-0.02,15,74.00
134237193.524200,1336,120.05,0.88,15,81.62
134264871.144269,1337,120.01,0.71,15,72.79
134292573.432555,1338,119.96,0.43,15,85.55
134320263.940482,1339,119.95,0.24,15,82.96
134347931.592925,1340,120.00,0.18,15,84.10
134375590.704249,1341,119.96,0.59,15,79.85
134403271.161449,1342,119.97,-0.02,15,77.45
134430991.448739,1343,120.03,0.86,15,81.95
134458683.844729,1344,120.01,-0.24,15,71.98
134486404.748995,1345,119.95,0.86,15,76.97
134514117.339831,1346,120.03,0.17,15,73.26
134541807.173035,1347,119.95,0.15,15,89.97
134569543.605552,1348,120.00,0.92,15,77.99
134597270.406625,1349,119.99,0.09,15,75.52
134624990.936519,1350,120.00,0.57,15,84.39
134652674.464310,1351,120.00,0.74,15,85.81
134680360.152842,1352,119.98,-0.86,15,88.66
134708010.372742,1353,119.96,0.54,15,73.06
134735755.679645,1354,119.97,-0.70,15,84.73
134763412.401292,1355,120.02,-0.53,15,74.76
134791107.777675,1356,120.04,0.06,15,86.45
134818847.451078,1357,120.03,-0.84,15,74.40
134846594.542850,1358,120.05,-0.18,15,80.67
134874307.495401,1359,120.04,-0.42,15,72.68
134902023.731546,1360,120.00,-0.02,15,87.02
134929759.212521,1361,119.99,-0.41,15,70.96
134957467.411458,1362,119.99,0.33,15,71.01
134985134.173776,1363,120.03,0.57,15,72.67
135012863.986263,1364,120.00,0.41,15,70.35
135040608.431401,1365,120.00,-0.33,15,88.36
135068278.277534,1366,120.00,0.38,15,75.49
135096024.532587,1367,119.95,-0.35,15,74.36
135123751.016712,1368,120.04,-0.06,15,77.43
135151439.026613,1369,120.02,0.04,15,74.46
135179120.311310,1370,119.97,-0.88,15,77.27
135206855.254227,1371,119.96,-0.44,15,75.60
135234541.281901,1372,120.00,-0.94,15,75.61
135262270.108520,1373,120.03,-0.10,15,73.35
135289942.873829,1374,120.01,0.10,15,81.56
135317683.576174,1375,119.98,-0.11,15,81.74
135345359.252081,1376,120.00,-0.74,15,84.88
135373027.598169,1377,120.00,0.02,15,84.36
135400722.669149,1378,120.03,-0.34,15,86.36
135428409.619198,1379,120.04,0.46,15,85.00
135456108.280515,1380,119.97,0.32,15,86.82
135483760.066737,1381,120.01,0.03,15,85.51
135511501.312610,1382,120.01,-0.46,15,88.91
135539206.369467,1383,120.02,0.71,15,70.82
135566881.314016,1384,120.02,-0.11,15,73.79
135594624.473795,1385,120.04,-0.47,15,79.34
135622364.694156,1386,119.96,-0.85,15,76.02
135650095.950629,1387,120.04,0.14,15,80.96
135677791.690285,1388,119.97,0.71,15,74.62
135705524.981036,1389,120.03,-0.43,15,75.00
135733271.597049,1390,119.96,-0.65,15,71.67
135760932.067513,1391,120.02,-0.00,15,70.50
135788617.136870,1392,120.00,-0.08,15,81.59
135816346.581092,1393,119.99,0.03,15,73.19
135844036.160645,1394,120.00,-0.75,15,71.43
135871735.051685,1395,119.97,0.01,15,82.28
135899477.863395,1396,119.97,0.15,15,78.20
135927164.496450,1397,120.03,0.61,15,88.68
135954848.942891,1398,120.04,0.05,15,73.38
135982538.083718,1399,120.01,-0.84,15,82.97
136010194.619123,1400,120.03,0.40,15,71.67
136037893.020272,1401,120.02,-0.86,15,75.13
136065550.988034,1402,119.98,0.10,15,71.23
136093299.720556,1403,119.95,0.67,15,78.62
136121036.603844,1404,120.04,0.66,15,79.52
136148749.905344,1405,119.99,-0.23,15,86.19
136176482.122027,1406,120.03,-0.64,15,75.07
136204156.791016,1407,120.02,0.03,15,88.37
136231865.574548,1408,120.05,-0.16,15,78.74
136259558.327618,1409,119.98,-0.17,15,72.35
136287304.698948,1410,119.97,-0.53,15,75.08
136315041.093064,1411,119.99,0.96,15,76.68
136342749.394289,1412,119.95,-0.06,15,82.07
136370438.845096,1413,120.05,-0.41,15,78.85
136398187.915317,1414,119.96,-0.72,15,82.16
136425848.590103,1415,120.03,0.18,15,82.71
136453514.173687,1416,120.00,-0.45,15,72.43
136481227.024534,1417,120.00,-0.17,15,85.77
136508884.868622,1418,120.00,0.46,15,77.56
136536630.656675,1419,120.03,0.08,15,85.35
136564366.855659,1420,120.04,-0.39,15,85.92
136592073.631060,1421,119.96,-0.85,15,82.53
136619726.338236,1422,119.95,-0.47,15,84.58
136647403.781433,1423,119.96,-0.95,15,86.89
136675143.881920,1424,120.01,-0.99,15,87.21
136702861.514103,1425,120.01,-0.15,15,87.08
136730594.828790,1426,120.01,0.66,15,80.67
136758307.710316,1427,119.98,0.40,15,80.28
136785975.253054,1428,119.95,-0.19,15,86.53
136813635.463855,1429,120.03,-0.03,15,87.04
136841329.827871,1430,120.01,0.08,15,85.48
136869007.824115,1431,120.00,-0.27,15,81.10
136896741.353809,1432,119.98,0.95,15,89.92
136924408.457502,1433,120.00,0.10,15,89.99
136952136.527047,1434,120.04,0.08,15,85.32
136979839.684928,1435,119.97,-0.67,15,80.13
137007585.160130,1436,119.99,0.86,15,89.80
137035237.770766,1437,120.03,0.80,15,86.19
137062973.325147,1438,120.03,0.47,15,77.11
137090628.273873,1439,120.02,-0.54,15,77.93
137118278.788589,1440,120.04,-0.11,15,71.99
137145991.947164,1441,119.96,-0.99,15,81.74
137173737.672795,1442,119.97,-0.03,15,79.26
137201437.525954,1443,120.02,0.15,15,77.19
137229103.450376,1444,119.99,-0.45,15,71.70
137256842.229922,1445,120.02,-0.04,15,73.62
137284500.869573,1446,120.05,-0.99,15,85.51
137312211.913266,1447,119.96,0.79,15,75.30
137339915.256410,1448,120.02,-0.39,15,84.12
137367577.243950,1449,120.02,0.77,15,85.08
137395300.107905,1450,120.02,-0.63,15,88.86
137423019.886579,1451,119.96,0.94,15,83.90
137450756.702791,1452,120.02,-0.74,15,72.96
137478438.711596,1453,119.99,0.85,15,78.09
137506168.038083,1454,120.00,0.61,15,81.70
137533844.457617,1455,120.04,0.79,15,78.39
137561560.352363,1456,120.04,-0.58,15,83.10
137589289.707271,1457,119.95,0.28,15,74.37
137617034.946463,1458,119.98,-0.45,15,72.17
137644769.816173,1459,120.05,0.90,15,83.45
137672484.093095,1460,120.02,-0.21,15,86.56
137700224.773784,1461,120.02,0.10,15,83.07
137727915.212345,1462,120.00,-0.58,15,86.24
137755595.194848,1463,120.01,-0.83,15,88.42
137783248.320592,1464,120.01,-0.80,15,88.13
137810994.046247,1465,120.04,-0.17,15,74.82
137838725.806819,1466,119.99,0.11,15,70.63
137866459.047431,1467,120.03,-0.67,15,81.79
137894124.174791,1468,119.95,0.15,15,87.42
137921815.916478,1469,119.96,-0.69,15,72.14
137949468.143192,1470,120.05,0.51,15,73.27
137977119.499112,1471,120.02,-0.65,15,73.32
138004780.517191,1472,120.03,0.40,15,86.06
138032434.713833,1473,120.02,0.55,15,83.24
138060085.146700,1474,120.01,-0.85,15,82.36
138087736.512878,1475,119.95,0.42,15,79.99
138115475.206991,1476,120.03,0.56,15,87.99
138143130.253563,1477,120.00,-0.66,15,75.52
138170861.926850,1478,119.98,0.49,15,88.41
138198554.216766,1479,120.05,0.80,15,82.93
138226268.356002,1480,120.02,0.75,15,77.00
138253939.753263,1481,119.98,-0.14,15,75.56
138281591.655216,1482,119.99,0.73,15,71.89
138309274.252370,1483,119.96,0.53,15,72.56
138336993.951230,1484,120.01,0.77,15,85.53
138364692.441341,1485,120.03,-0.96,15,89.49
138392439.926528,1486,119.98,0.54,15,78.86
138420148.758194,1487,119.96,-0.20,15,81.97
138447820.457742,1488,119.96,-0.05,15,73.06
138475566.182522,1489,119.99,-0.42,15,89.97
138503234.136126,1490,120.00,0.83,15,88.62
138530982.641940,1491,120.05,-0.21,15,89.73
138558677.013973,1492,120.01,0.61,15,85.17
138586334.863660,1493,120.01,-0.61,15,83.75
138613987.777007,1494,119.98,0.30,15,83.47
138641677.364046,1495,119.98,0.15,15,74.06
138669412.358814,1496,120.00,0.76,15,72.97
138697081.554707,1497,120.04,-0.72,15,89.74
138724794.515590,1498,120.04,0.10,15,71.74
138752503.195090,1499,119.96,-0.67,15,87.26
138780238.061393,1500,119.98,0.77,15,83.26
138807966.725437,1501,120.01,-0.78,15,79.99
138835695.914938,1502,120.01,-0.99,15,75.65
138863362.219359,1503,120.03,0.28,15,86.48
138891026.708999,1504,120.03,0.58,15,70.04
138918687.699512,1505,120.00,-0.80,15,70.43
138946357.212861,1506,119.96,-0.17,15,71.08
138974027.574918,1507,119.99,0.35,15,83.55
139001762.234616,1508,119.96,0.84,15,87.77
139029444.300805,1509,120.00,-0.23,15,86.87
139057161.114703,1510,119.99,0.20,15,86.89
139084892.381676,1511,119.99,-0.25,15,84.80
139112594.442145,1512,120.04,-0.43,15,77.34
139140320.381159,1513,120.04,-0.83,15,82.94
139168060.246551,1514,119.97,0.32,15,85.40
139195758.854637,1515,120.03,-0.47,15,82.87
139223506.505987,1516,120.04,-0.20,15,81.47
139251255.336891,1517,119.98,-0.40,15,75.75
139278917.498444,1518,119.99,0.12,15,85.26
139306628.047050,1519,120.00,-0.99,15,72.95
139334336.645364,1520,119.95,0.79,15,83.35
139362037.664616,1521,120.04,0.67,15,84.64
139389753.482882,1522,120.02,0.62,15,86.08
139417420.355786,1523,119.97,0.05,15,73.56
139445167.052836,1524,119.98,-0.52,15,73.05
139472857.583528,1525,120.00,-0.43,15,76.99
139500597.514895,1526,119.96,0.90,15,71.33
139528249.924516,1527,119.97,-0.46,15,81.27
139555911.797039,1528,119.95,0.55,15,89.46
139583628.472635,1529,120.05,0.77,15,83.41
139611362.358456,1530,120.04,0.92,15,78.24
139639074.742385,1531,119.96,-0.74,15,79.13
139666806.743987,1532,120.00,0.21,15,70.30
139694470.677252,1533,119.97,-0.50,15,70.29
139722151.520625,1534,120.00,-0.02,15,80.43
139749819.749709,1535,120.01,0.28,15,75.33
139777531.696452,1536,119.99,0.74,15,86.09
139805243.131411,1537,119.95,-0.46,15,80.14
139832906.836968,1538,119.96,-0.92,15,73.67
139860637.452197,1539,119.99,-0.60,15,82.24
139888304.900005,1540,120.00,-0.21,15,83.89
139915960.426493,1541,120.02,0.70,15,87.08
139943653.507484,1542,119.97,0.67,15,80.90
139971394.086716,1543,119.99,-0.84,15,72.17
139999109.760520,1544,120.00,-0.90,15,77.96
140026827.186452,1545,120.01,0.72,15,86.30
140054522.875955,1546,120.02,-0.02,15,83.66
140082219.303929,1547,120.03,0.23,15,89.16
140109967.045206,1548,120.01,-0.89,15,87.37
140137692.491302,1549,119.99,0.59,15,75.94
140165383.040564,1550,120.00,0.86,15,82.28
140193130.019354,1551,119.97,-0.67,15,86.29
140220795.132357,1552,119.96,0.75,15,87.85
140248521.890950,1553,120.02,0.02,15,86.63
140276206.054953,1554,119.96,0.18,15,84.57
140303856.508821,1555,119.97,-0.47,15,85.81
140331568.638480,1556,120.03,-0.07,15,82.31
140359297.812057,1557,120.01,-0.01,15,79.36
140387036.312308,1558,119.98,0.62,15,84.20
140414728.826225,1559,119.99,-0.21,15,71.05
140442418.424269,1560,120.05,-0.90,15,73.29
140470081.930242,1561,120.02,0.29,15,76.08
140497764.453336,1562,119.95,-0.74,15,88.95
140525460.485758,1563,119.99,0.08,15,77.98
140553197.677005,1564,119.96,0.60,15,82.83
140580858.764216,1565,120.05,0.32,15,76.28
140608538.050304,1566,119.99,-0.98,15,78.64
140636189.976019,1567,120.01,-0.35,15,85.69
140663911.225830,1568,119.98,0.20,15,88.08
140691611.667257,1569,120.01,0.24,15,78.01
140719276.291479,1570,119.99,-0.68,15,75.85
140746945.997144,1571,120.00,0.76,15,82.22
140774624.421038,1572,119.97,0.73,15,77.02
140802304.433351,1573,119.97,0.97,15,85.26
140829967.064970,1574,119.98,-0.07,15,82.10
140857628.479648,1575,120.03,-0.41,15,79.12
140885298.867830,1576,120.01,-0.84,15,72.54
140912951.863290,1577,120.04,0.35,15,70.81
140940671.562658,1578,120.05,0.13,15,76.56
140968387.127151,1579,120.03,0.27,15,76.38
140996133.702846,1580,120.00,0.21,15,81.95
141023794.724872,1581,120.02,0.31,15,74.71
141051521.802681,1582,120.03,-0.70,15,75.41
141079191.239432,1583,119.95,-0.56,15,72.36
141106843.638828,1584,120.05,0.56,15,87.16
141134590.975210,1585,120.01,0.76,15,75.63
141162247.837438,1586,120.01,-0.59,15,77.93
141189978.830553,1587,120.04,0.88,15,81.62
141217707.401054,1588,120.01,-0.87,15,76.04
141245424.930142,1589,119.96,-0.82,15,87.09
141273132.565470,1590,120.05,-0.69,15,77.39
141300792.284580,1591,119.97,0.87,15,74.37
141328444.343479,1592,119.97,-0.45,15,89.41
141356109.441546,1593,119.97,0.67,15,87.20
141383836.420466,1594,120.05,0.76,15,75.46
141411557.888167,1595,120.05,-0.38,15,83.47
141439295.167363,1596,120.02,0.80,15,70.99
141467016.009767,1597,119.96,0.98,15,71.56
141494703.529416,1598,120.01,0.94,15,74.15
141522430.537316,1599,120.02,-0.59,15,72.29
141550093.079442,1600,119.97,-0.37,15,79.68
141577765.985427,1601,119.95,0.35,15,87.40
141605487.246359,1602,119.97,0.75,15,89.66
141633234.471751,1603,119.98,-0.23,15,85.91
141660975.426540,1604,120.04,-0.82,15,85.50
141688663.176892,1605,119.96,-0.13,15,74.73
141716380.753959,1606,120.03,-0.78,15,70.02
141744101.299371,1607,119.99,0.14,15,79.08
141771836.192548,1608,120.02,0.84,15,71.06
141799570.852536,1609,119.98,0.19,15,84.49
141827294.103029,1610,120.03,-0.57,15,72.52
141855008.619165,1611,119.96,-0.22,15,73.72
141882687.161182,1612,119.99,-0.99,15,82.53
141910387.589422,1613,120.03,-0.42,15,85.01
141938065.724945,1614,119.99,0.47,15,89.50
141965814.485697,1615,120.01,0.42,15,88.85
141993542.397624,1616,120.02,0.88,15,88.34
142021199.458020,1617,119.98,-0.63,15,89.13
142048911.371745,1618,120.02,0.68,15,85.56
142076625.118003,1619,120.04,-0.83,15,80.39
142104368.107839,1620,119.99,-0.70,15,72.34
142132117.377635,1621,119.97,0.14,15,75.72
142159826.301408,1622,120.00,-0.15,15,70.98
142187498.621425,1623,120.05,-0.48,15,75.81
142215164.358914,1624,119.97,-0.89,15,74.94
142242908.746719,1625,120.04,0.15,15,81.10
142270606.621416,1626,120.03,0.92,15,73.79
142298301.584028,1627,120.03,-0.13,15,70.57
142325989.122694,1628,119.98,0.29,15,79.34
142353738.239511,1629,120.02,-0.06,15,86.66
142381462.374188,1630,120.00,-0.47,15,86.90
142409123.108877,1631,120.04,-0.69,15,81.80
142436841.675843,1632,120.03,-0.14,15,74.55
142464560.746026,1633,120.04,-0.99,15,78.91
142492257.021111,1634,120.04,0.75,15,71.33
142519978.291432,1635,119.99,0.03,15,75.17
142547716.443546,1636,119.98,0.95,15,86.94
142575379.672684,1637,119.95,0.15,15,87.65
142603088.403159,1638,120.00,-0.99,15,89.09
142630756.815829,1639,119.99,0.67,15,73.98
142658461.220801,1640,120.03,0.32,15,77.08
142686143.274968,1641,119.97,-0.87,15,72.97
142713814.001399,1642,119.96,-0.65,15,70.99
142741505.792076,1643,119.98,0.57,15,88.33
142769225.408547,1644,119.98,0.15,15,86.71
142796966.159162,1645,120.04,0.03,15,84.56
142824662.456737,1646,120.04,-0.92,15,79.69
142852348.766845,1647,120.03,-0.49,15,72.37
142880011.398824,1648,120.04,-0.16,15,72.17
142907727.355340,1649,120.04,-0.50,15,72.29
142935411.325669,1650,120.03,0.78,15,85.54
142963150.554941,1651,119.95,-0.84,15,75.84
142990819.079847,1652,120.04,0.40,15,83.25
143018472.052342,1653,119.99,-0.05,15,79.05
143046182.399940,1654,120.01,-0.29,15,87.14
143073849.136085,1655,120.04,0.29,15,87.24
143101580.511730,1656,120.05,-0.96,15,71.01
143129322.606690,1657,120.00,-1.00,15,84.55
143157048.845762,1658,119.95,0.07,15,71.85
143184753.147096,1659,119.95,0.26,15,84.37
143212413.293841,1660,120.01,-0.17,15,83.47
143240094.257464,1661,119.95,0.21,15,80.12
143267802.497973,1662,119.97,0.80,15,81.72
143295532.541127,1663,120.00,0.66,15,87.12
143323184.130851,1664,119.99,0.39,15,80.84
143350857.539321,1665,119.96,0.05,15,87.77
143378527.138259,1666,120.00,-0.73,15,88.23
143406209.606330,1667,119.95,0.81,15,88.58
143433913.729562,1668,119.95,-0.31,15,71.91
143461569.571475,1669,120.03,0.51,15,80.72
143489235.546857,1670,120.03,-0.37,15,70.25
143516915.425925,1671,120.03,0.64,15,73.65
143544594.400753,1672,119.96,0.52,15,77.23
143572319.558470,1673,120.04,-0.90,15,76.87
143600054.761369,1674,119.99,-0.58,15,75.93
143627803.400270,1675,119.98,0.46,15,84.23
143655471.580188,1676,120.04,-0.57,15,89.92
143683206.953618,1677,120.04,-0.37,15,79.49
143710922.038967,1678,120.03,-0.70,15,87.95
143738608.730846,1679,120.03,-0.19,15,82.84
143766343.742295,1680,120.05,0.50,15,86.45
143794021.236004,1681,119.96,-0.50,15,70.93
143821717.869224,1682,120.05,0.92,15,88.26
143849410.173252,1683,120.04,-0.67,15,79.48
143877073.487055,1684,120.05,0.28,15,78.19
143904783.279912,1685,119.95,0.75,15,79.02
143932490.651503,1686,120.02,0.54,15,80.02
143960168.521989,1687,119.98,0.59,15,78.10
143987833.075760,1688,119.98,0.15,15,84.46
144015572.255419,1689,119.95,-0.57,15,87.49
144043308.449667,1690,119.98,0.12,15,83.27
144071031.501130,1691,119.99,0.44,15,73.72
144098704.716990,1692,120.00,0.09,15,85.59
144126371.486571,1693,119.96,-0.51,15,70.79
144154044.275998,1694,120.03,-0.14,15,83.25
144181702.358811,1695,119.97,-0.26,15,76.13
144209447.762230,1696,119.99,0.29,15,75.72
144237181.972389,1697,120.02,-0.46,15,72.39
144264911.999476,1698,120.04,0.60,15,75.49
144292567.637209,1699,119.95,-0.74,15,71.83
144320282.914694,1700,120.01,-0.90,15,70.03
144347986.434402,1701,120.00,0.68,15,78.96
144375707.960134,1702,119.96,-0.86,15,89.80
144403390.895500,1703,120.00,0.31,15,88.94
144431106.122210,1704,120.01,0.50,15,78.36
144458773.358595,1705,120.02,-0.29,15,82.85
144486461.776388,1706,120.00,-0.50,15,71.15
144514147.962625,1707,119.96,0.80,15,86.43
144541840.610732,1708,120.01,0.55,15,89.83
144569555.761265,1709,120.00,-0.16,15,78.03
144597270.647894,1710,119.98,-0.53,15,77.09
144624977.158372,1711,120.04,-0.55,15,82.54
144652655.562746,1712,119.96,-0.56,15,87.01
144680313.640373,1713,120.01,-0.88,15,72.19
144707972.495331,1714,120.01,-0.29,15,85.16
144735625.554581,1715,119.98,-0.34,15,73.92
144763352.244623,1716,120.02,-0.62,15,81.29
144791041.881804,1717,119.98,0.65,15,70.56
144818724.810671,1718,120.01,0.08,15,72.11
144846399.282497,1719,120.02,-0.54,15,85.68
144874113.600079,1720,119.98,-0.89,15,74.13
144901780.420071,1721,119.96,-0.09,15,81.23
144929458.133852,1722,119.96,-0.88,15,70.80
144957132.073682,1723,120.03,-0.57,15,84.74
144984836.894045,1724,119.95,0.60,15,77.87
145012554.418654,1725,119.96,-0.34,15,79.24
145040275.880524,1726,120.00,-0.75,15,84.83
145067958.403696,1727,119.97,0.05,15,86.76
145095641.417243,1728,119.96,0.08,15,83.83
145123356.512912,1729,119.96,0.66,15,82.85
145151101.533302,1730,119.99,0.75,15,71.13
145178833.022971,1731,120.00,0.68,15,82.23
145206501.497946,1732,120.01,-0.71,15,81.60
145234228.592065,1733,119.98,0.09,15,81.20
145261964.653593,1734,120.05,0.15,15,72.35
145289664.399989,1735,120.01,-0.42,15,73.11
145317357.835833,1736,120.02,-0.93,15,77.22
145345105.503954,1737,119.97,0.95,15,88.68
145372774.084535,1738,120.03,-0.24,15,82.82
145400469.121595,1739,120.00,0.75,15,84.24
145428171.165153,1740,120.02,-0.26,15,79.21
145455829.119086,1741,120.03,-0.53,15,74.52
145483524.589200,1742,119.99,-0.20,15,82.12
145511234.625168,1743,119.97,-0.08,15,88.48
145538972.126923,1744,120.04,0.19,15,75.50
145566695.184067,1745,119.97,0.04,15,81.22
145594420.043117,1746,119.95,-0.58,15,85.71
145622072.114793,1747,119.99,0.05,15,87.04
145649791.453812,1748,120.00,-0.16,15,84.62
145677445.993409,1749,120.03,-0.36,15,82.15
145705166.068355,1750,119.95,-0.23,15,83.03
145732844.417757,1751,120.00,-0.38,15,73.11
145760543.730353,1752,120.03,0.94,15,79.33
145788207.657841,1753,120.00,-0.03,15,84.61
145815883.087908,1754,119.95,0.04,15,75.36
145843554.467009,1755,120.05,-0.62,15,80.63
145871242.404757,1756,120.00,0.64,15,79.37
145898926.240855,1757,120.01,0.28,15,88.28
145926586.959431,1758,120.01,-0.57,15,70.29
145954260.605741,1759,120.02,0.77,15,75.42
145981999.877452,1760,119.97,-0.51,15,76.10
146009684.782265,1761,119.99,0.44,15,88.53
146037415.968731,1762,119.97,-0.80,15,76.96
146065085.780712,1763,119.98,0.71,15,74.01
146092807.124982,1764,120.01,0.23,15,80.83
146120504.657483,1765,119.98,-0.23,15,82.45
146148222.884709,1766,119.99,-0.18,15,71.36
146175900.216451,1767,120.02,-0.12,15,79.47
146203647.192920,1768,119.95,0.82,15,71.00
146231342.150652,1769,119.98,0.95,15,75.47
146258999.122972,1770,120.02,-0.02,15,80.32
146286695.276909,1771,119.96,-0.23,15,74.62
146314362.245327,1772,119.98,0.24,15,89.31
146342015.718077,1773,120.05,-0.94,15,73.68
146369728.796896,1774,119.96,-0.77,15,86.55
146397475.240293,1775,119.97,-0.27,15,73.42
146425126.917684,1776,120.01,-0.59,15,80.28
146452868.971480,1777,120.04,0.52,15,80.02
146480606.282206,1778,119.99,0.89,15,85.77
146508268.189312,1779,119.99,-0.69,15,80.51
146535992.652658,1780,119.96,0.20,15,86.74
146563714.813896,1781,119.99,-0.12,15,87.44
146591448.188901,1782,120.02,0.86,15,80.88
146619099.580949,1783,120.04,-0.78,15,87.02
146646798.757015,1784,120.04,-0.07,15,88.20
146674464.711253,1785,120.04,-0.35,15,77.30
146702138.256815,1786,120.00,-0.10,15,73.75
146729838.846046,1787,119.97,0.29,15,81.56
146757571.365601,1788,119.97,1.00,15,88.89
146785288.885886,1789,120.03,0.22,15,81.17
146813014.377561,1790,119.95,0.75,15,79.08
146840718.439565,1791,119.99,-0.05,15,82.17
146868448.316738,1792,119.97,-0.03,15,89.47
146896163.965943,1793,120.00,0.16,15,86.72
146923827.312277,1794,119.96,0.60,15,76.88
146951530.856733,1795,120.02,0.46,15,80.54
146979226.248219,1796,120.01,-0.20,15,83.70
147006944.491332,1797,120.04,-0.38,15,88.93
147034686.835942,1798,120.00,0.69,15,74.25
147062410.047903,1799,119.99,0.96,15,89.35
147090152.904204,1800,120.03,-0.72,15,79.70
147117860.488542,1801,119.97,-0.79,15,89.66
147145541.083524,1802,119.99,-0.65,15,70.74
147173200.264946,1803,119.98,-0.47,15,74.47
147200852.076267,1804,120.02,-0.41,15,81.18
147228507.342881,1805,120.05,0.99,15,73.69
147256201.086149,1806,120.00,-0.36,15,83.85
147283881.853021,1807,119.98,0.74,15,74.52
147311596.025729,1808,119.98,0.05,15,79.00
147339299.212381,1809,120.04,0.68,15,89.09
147366996.128046,1810,120.00,0.39,15,73.52
147394732.792880,1811,120.05,0.97,15,70.93
147422477.178364,1812,120.02,0.52,15,86.34
147450224.538753,1813,119.96,0.53,15,73.54
147477923.373798,1814,119.96,-0.35,15,74.66
147505655.045159,1815,119.99,0.07,15,82.53
147533385.339383,1816,119.99,0.30,15,87.09
147561125.881688,1817,120.04,-0.02,15,79.99
147588809.047191,1818,119.97,-0.20,15,76.91
147616535.849121,1819,119.96,-0.03,15,75.77
147644278.300799,1820,120.00,-0.24,15,77.38
147671964.038487,1821,120.02,-0.36,15,72.67
147699633.040939,1822,120.02,-0.85,15,83.60
147727327.126545,1823,120.02,0.73,15,85.29
147755066.593867,1824,119.97,0.72,15,86.77
147782809.938330,1825,119.98,0.98,15,88.85
147810482.397675,1826,119.98,-0.35,15,81.13
147838225.433814,1827,119.97,0.02,15,80.77
147865907.064727,1828,119.99,0.76,15,82.45
147893610.033544,1829,120.01,-0.83,15,87.84
147921266.507825,1830,119.96,-0.14,15,83.21
147949003.606699,1831,120.03,0.81,15,83.41
147976717.236675,1832,120.01,-0.92,15,72.01
148004458.244323,1833,119.96,-0.45,15,73.71
148032112.528792,1834,119.95,0.00,15,75.57
148059840.402830,1835,119.98,0.11,15,82.79
148087582.797884,1836,119.95,0.06,15,86.79
148115269.332836,1837,120.00,0.11,15,77.46
148142965.383774,1838,120.04,-0.04,15,76.05
148170619.056223,1839,119.99,0.02,15,79.11
148198345.103787,1840,120.00,0.05,15,70.39
148226043.215350,1841,120.03,-0.16,15,72.02
148253697.142866,1842,120.02,0.86,15,86.94
148281362.432168,1843,120.03,-0.94,15,87.68
148309056.060116,1844,120.04,0.84,15,87.48
148336787.811080,1845,120.00,-0.66,15,86.23
148364526.484908,1846,119.95,0.31,15,87.55
148392262.518272,1847,119.97,-0.46,15,82.25
148419925.524157,1848,119.97,-0.09,15,77.11
148447671.252158,1849,120.04,0.33,15,83.72
148475327.334758,1850,120.05,-0.77,15,78.56
148503023.829234,1851,120.00,-0.88,15,80.90
148530692.589585,1852,119.99,-0.69,15,70.45
148558387.984145,1853,120.00,-0.70,15,70.72
148586098.686640,1854,119.96,-0.54,15,89.40
148613846.495235,1855,119.96,-0.12,15,79.62
148641577.639752,1856,120.00,0.72,15,83.15
148669294.250214,1857,119.99,0.27,15,76.06
148696979.042962,1858,120.00,-0.81,15,80.68
148724677.789635,1859,119.99,-0.07,15,88.58
148752426.811521,1860,120.04,-0.71,15,72.20
148780077.727914,1861,120.01,0.02,15,71.02
148807798.966255,1862,119.98,0.50,15,88.24
148835471.994800,1863,120.02,0.20,15,75.40
148863162.986974,1864,120.01,0.70,15,78.76
148890827.068778,1865,120.04,0.96,15,72.98
148918504.253589,1866,120.03,0.38,15,81.75
148946186.496979,1867,120.02,-0.38,15,71.76
148973884.002295,1868,119.97,0.06,15,78.24
149001580.365556,1869,119.96,-0.09,15,88.92
149029319.586226,1870,120.02,0.77,15,82.74
149057029.737992,1871,119.95,0.10,15,88.94
149084771.662282,1872,120.02,0.19,15,81.19
149112453.652175,1873,120.03,-0.34,15,72.87
149140125.332493,1874,119.96,0.25,15,78.53
149167775.391758,1875,119.96,-0.09,15,86.56
149195475.635359,1876,120.01,-0.77,15,81.62
149223147.700107,1877,120.00,0.79,15,83.87
149250826.556614,1878,120.01,0.93,15,81.37
149278503.687169,1879,120.02,-0.52,15,87.08
149306204.707830,1880,120.01,0.35,15,89.01
149333907.569704,1881,120.01,0.75,15,72.60
149361603.742331,1882,119.97,0.49,15,72.83
149389301.880935,1883,119.97,-0.17,15,70.89
149417003.908157,1884,119.97,0.40,15,87.42
149444737.461599,1885,120.03,-0.70,15,76.68
149472444.115411,1886,120.00,0.61,15,84.17
149500156.299864,1887,119.96,0.77,15,88.72
149527845.076433,1888,119.97,0.47,15,79.94
149555522.016053,1889,120.03,0.70,15,74.91
149583236.094053,1890,120.02,0.67,15,80.94
149610958.113938,1891,119.97,0.40,15,88.44
149638677.839606,1892,120.01,0.83,15,78.20
149666335.275084,1893,120.05,0.17,15,75.78
149694067.702182,1894,120.02,-0.50,15,89.93
149721767.300016,1895,119.99,-0.22,15,74.60
149749504.156425,1896,119.97,-0.51,15,80.36
149777158.226143,1897,119.99,0.59,15,88.82
149804858.135494,1898,119.99,-0.67,15,74.38
149832519.606364,1899,120.02,0.83,15,70.03
149860251.454900,1900,119.97,0.17,15,73.41
149887932.431257,1901,119.97,0.20,15,88.64
149915598.186568,1902,120.01,0.07,15,75.34
149943300.038737,1903,120.02,0.15,15,84.11
149971044.956439,1904,119.99,0.93,15,70.01
149998696.330127,1905,119.97,0.31,15,83.27
150026383.803749,1906,119.97,-0.87,15,86.25
150054095.942243,1907,120.00,0.94,15,74.07
150081814.866676,1908,119.98,-0.43,15,85.21
150109520.094638,1909,120.03,0.38,15,72.72
150137235.371070,1910,119.97,-0.85,15,74.83
150164971.831976,1911,119.99,0.77,15,73.14
150192706.271344,1912,120.00,0.03,15,75.91
150220454.672417,1913,120.04,0.10,15,73.92
150248169.460944,1914,119.96,-0.33,15,80.50
150275870.128234,1915,119.95,-0.22,15,73.08
150303603.949362,1916,120.05,0.30,15,77.02
150331296.393293,1917,119.99,0.04,15,72.54
150358963.660218,1918,120.05,-0.74,15,74.83
150386625.725238,1919,120.00,-0.85,15,84.62
150414347.612063,1920,119.96,-0.35,15,76.09
150442014.119298,1921,120.05,-0.47,15,70.64
150469757.357524,1922,119.99,-0.15,15,85.27
150497496.254460,1923,120.05,-0.87,15,79.52
150525219.021871,1924,120.03,-0.08,15,86.47
150552925.041646,1925,119.99,-0.02,15,78.09
150580596.512059,1926,120.00,-0.35,15,85.17
150608338.471573,1927,119.95,-0.18,15,71.33
150636031.663739,1928,120.00,-0.25,15,83.19
150663747.743145,1929,120.04,0.47,15,79.16
150691409.764809,1930,119.96,0.29,15,79.92
150719061.851165,1931,120.02,-0.03,15,77.60
150746740.810144,1932,119.98,0.39,15,74.73
150774435.507161,1933,120.02,-0.23,15,89.99
150802090.799580,1934,120.03,-0.44,15,81.24
150829813.110549,1935,119.98,-0.35,15,78.00
150857483.729414,1936,120.04,0.00,15,82.67
150885145.097229,1937,120.04,-0.83,15,71.72
150912816.564739,1938,119.98,0.42,15,82.44
150940481.915531,1939,120.03,0.55,15,89.65
150968187.929931,1940,120.01,-0.70,15,78.22
150995910.935221,1941,119.99,0.48,15,81.16
151023590.383025,1942,119.98,0.22,15,79.37
151051284.377499,1943,120.03,-0.91,15,85.69
151078937.542036,1944,120.03,0.61,15,79.79
151106643.327323,1945,120.03,-0.86,15,76.51
151134366.525067,1946,120.04,-0.43,15,73.59
151162063.809411,1947,120.04,0.55,15,85.70
151189813.776873,1948,120.01,0.15,15,85.39
151217475.873062,1949,119.99,0.35,15,73.53
151245170.515880,1950,120.02,-0.72,15,70.75
151272829.207091,1951,119.98,0.11,15,70.58
151300548.920125,1952,119.99,-0.45,15,81.26
151328262.596960,1953,119.96,-0.84,15,76.63
151355958.558010,1954,120.02,-0.95,15,87.29
151383669.152933,1955,119.96,0.88,15,80.02
151411329.344869,1956,120.00,0.28,15,78.03
151439011.827988,1957,119.96,-0.34,15,82.51
151466702.758944,1958,120.04,-0.12,15,76.43
151494395.931250,1959,119.97,-0.01,15,71.17
151522082.682329,1960,120.02,-0.26,15,70.85
151549787.594423,1961,120.01,-0.83,15,75.62
151577442.632040,1962,120.00,-0.36,15,75.03
151605101.346557,1963,119.97,-0.23,15,74.02
151632847.023841,1964,120.00,-0.88,15,86.38
151660536.582916,1965,119.98,-0.74,15,82.41
151688187.078393,1966,119.98,1.00,15,74.08
151715855.658239,1967,119.99,0.37,15,82.80
151743562.849667,1968,119.98,-0.80,15,80.71
151771286.935782,1969,120.02,0.26,15,73.58
151798995.043722,1970,119.99,-0.42,15,85.11
151826688.957113,1971,119.97,0.47,15,85.64
151854407.894635,1972,119.98,-0.97,15,70.13
151882102.833599,1973,119.96,-0.93,15,74.16
151909781.133259,1974,119.99,-0.21,15,84.34
151937461.138646,1975,120.04,-0.40,15,87.03
151965210.822571,1976,120.02,-0.39,15,85.22
151992881.641082,1977,119.98,-0.49,15,75.97
152020629.868356,1978,119.99,-0.99,15,73.18
152048298.529095,1979,120.03,-0.32,15,83.49
152075984.704347,1980,119.99,-0.67,15,83.10
152103700.055360,1981,120.05,0.08,15,88.17
152131413.244850,1982,119.99,0.20,15,78.85
152159093.301289,1983,119.99,-0.28,15,74.80
152186832.806831,1984,119.98,-0.24,15,80.48
152214518.707664,1985,120.04,-0.89,15,88.71
152242176.644912,1986,120.00,-0.13,15,88.35
152269885.200227,1987,119.96,0.70,15,77.55
152297614.344394,1988,120.01,0.64,15,72.30
152325312.821421,1989,120.00,0.45,15,72.09
152353054.009407,1990,120.04,0.35,15,88.08
152380756.911705,1991,119.96,-0.19,15,72.65
152408441.983729,1992,120.00,-0.33,15,80.88
152436176.545132,1993,120.05,-0.38,15,83.96
152463840.473788,1994,120.05,0.98,15,77.89
152491552.013431,1995,120.04,0.18,15,84.89
152519297.551252,1996,119.95,-0.57,15,83.89
152546953.357501,1997,119.98,-0.85,15,74.75
152574609.297019,1998,119.96,-0.69,15,77.18
152602338.884005,1999,119.98,-0.54,15,83.70
152630047.122580,2000,120.03,-0.04,15,86.00
152657792.717754,2001,119.98,0.09,15,73.04
152685504.311491,2002,120.00,-0.00,15,72.43
152713232.470471,2003,120.02,-0.74,15,71.88
152740905.021841,2004,120.02,-0.67,15,73.54
152768593.691441,2005,120.02,-0.09,15,85.41
152796247.994601,2006,119.96,-0.61,15,75.92
152823952.860867,2007,119.95,0.35,15,80.24
152851668.262735,2008,120.04,0.77,15,74.50
152879390.415987,2009,120.04,-0.48,15,84.38
152907084.082904,2010,120.01,-0.72,15,74.22
152934741.813069,2011,119.97,-0.00,15,87.90
152962414.380286,2012,119.97,-0.41,15,81.03
152990066.246502,2013,119.96,-0.29,15,70.95
153017758.269373,2014,119.96,0.50,15,80.19
153045474.082969,2015,119.99,0.42,15,82.26
153073152.114935,2016,120.05,-0.71,15,70.27
153100806.752418,2017,119.97,-0.95,15,87.66
153128554.777801,2018,120.05,0.07,15,79.27
153156282.416960,2019,120.00,-0.07,15,88.92
153183946.772950,2020,120.00,0.09,15,89.15
153211642.003025,2021,120.02,-0.58,15,80.29
153239384.428408,2022,120.00,0.04,15,87.27
153267089.580691,2023,120.01,-0.65,15,76.50
153294740.282554,2024,119.97,0.90,15,71.35
153322443.248215,2025,119.98,0.86,15,87.15
153350172.872954,2026,120.00,0.63,15,78.83
153377883.440413,2027,119.98,-0.02,15,73.30
153405609.176695,2028,119.95,-0.27,15,83.00
153433308.937559,2029,120.02,-0.34,15,81.12
153461021.740929,2030,119.96,-0.66,15,76.69
153488715.299447,2031,119.99,-0.53,15,71.72
153516415.054122,2032,119.99,0.69,15,80.36
153544127.936767,2033,119.97,-0.63,15,72.33
153571848.931662,2034,119.99,0.86,15,78.14
153599501.047262,2035,120.04,-0.60,15,81.04
153627212.467779,2036,119.96,0.18,15,89.30
153654957.301844,2037,120.00,0.56,15,85.12
153682629.908646,2038,120.05,0.38,15,77.51
153710315.554885,2039,119.95,-0.10,15,84.93
153738057.077447,2040,120.02,-0.15,15,74.07
153765709.748988,2041,120.00,0.19,15,74.18
153793386.613281,2042,120.01,-0.27,15,88.72
153821107.437398,2043,120.05,-0.52,15,83.79
153848812.882076,2044,120.02,-0.58,15,86.22
153876539.457287,2045,119.97,0.16,15,83.95
153904278.418387,2046,120.04,0.57,15,77.96
153931943.793587,2047,119.98,0.32,15,73.44
153959686.289700,2048,120.00,0.03,15,74.85
153987372.255027,2049,120.00,-0.29,15,85.44
154015101.741433,2050,119.97,0.58,15,78.10
154042843.449739,2051,119.97,-0.51,15,74.34
154070501.998574,2052,119.96,0.25,15,82.01
154098206.061969,2053,119.99,0.75,15,84.83
154125878.582604,2054,120.05,0.50,15,70.85
154153624.693047,2055,119.99,-0.08,15,73.21
154181319.931587,2056,120.01,-0.73,15,76.96
154209050.988019,2057,120.01,-0.97,15,86.16
154236750.613628,2058,119.98,-0.76,15,75.88
154264467.638771,2059,120.05,0.64,15,89.41
154292198.541161,2060,120.05,-0.02,15,83.97
154319923.313609,2061,119.99,0.30,15,80.10
154347646.804355,2062,120.03,-0.32,15,82.19
154375319.369864,2063,119.99,0.44,15,89.40
154402972.220802,2064,119.97,0.14,15,88.37
154430687.017392,2065,120.04,-0.57,15,79.70
154458401.971072,2066,120.03,-0.54,15,88.27
154486128.859700,2067,119.97,0.33,15,86.65
154513851.532316,2068,120.03,-0.20,15,77.11
154541549.742179,2069,119.96,0.23,15,87.91
154569225.127005,2070,119.96,-0.47,15,83.85
154596953.538953,2071,120.03,0.24,15,80.85
154624636.330755,2072,120.02,-0.33,15,80.37
154652325.675420,2073,119.99,0.44,15,75.54
154679988.060519,2074,119.96,0.52,15,78.53
154707645.327240,2075,120.05,-0.64,15,85.07
154735378.322944,2076,120.00,-0.24,15,86.68
154763045.444418,2077,120.02,-0.71,15,87.12
154790773.355909,2078,120.01,-0.18,15,79.82
154818437.881063,2079,120.04,-0.43,15,88.37
154846089.503825,2080,120.05,0.34,15,75.45
154873814.363828,2081,120.03,0.70,15,87.40
154901533.202283,2082,120.04,0.30,15,82.60
154929192.703480,2083,119.95,0.33,15,82.35
154956884.905526,2084,120.04,-0.36,15,86.52
154984551.715303,2085,119.99,-0.40,15,80.39
155012286.476498,2086,120.03,-0.63,15,78.19
155040032.620597,2087,119.99,-0.01,15,77.35
155067688.027113,2088,119.95,0.44,15,70.48
155095409.508998,2089,120.00,-0.02,15,83.61
155123128.144459,2090,119.95,-0.47,15,71.61
155150806.829271,2091,120.04,0.89,15,71.77
155178510.892623,2092,119.96,0.20,15,82.89
155206207.709237,2093,119.97,-0.86,15,87.83
155233955.185451,2094,120.04,0.26,15,79.07
155261691.331510,2095,119.97,-0.46,15,86.28
155289364.732005,2096,119.96,-0.17,15,86.17
155317096.702627,2097,119.95,-0.82,15,82.00
155344754.827675,2098,120.02,-0.96,15,70.84
155372459.976521,2099,119.96,-0.41,15,76.17
